cell_id,n,p,q,alpha,kappa,theta,rho_true,het,estimator,rmse,mae,bias,sd,tau_used,B,seed
a0.1_k0.5_none_p1,1000,1,100,0.1,0.5,none,F>10,,0,400,20260823
a0.1_k0.5_none_p1,1000,1,100,0.1,0.5,none,KP_rk>10,0.96,400,400,20260823
a0.1_k0.5_none_p1,1000,1,100,0.1,0.5,none,spectral_env,,0,400,20260823
a0.1_k0.5_none_p1,1000,1,100,0.1,0.5,none,0.05,0.4472135954999579,tsls,0.2982267786569481,0.28803761516307846,0.28803761516307846,0.07728870395644256,,400,20260823
a0.1_k0.5_none_p1,1000,1,100,0.1,0.5,none,0.05,0.4472135954999579,liml,0.36859858337234036,0.36641955009786187,0.36641955009786187,0.04002035694714163,,400,20260823
a0.1_k0.5_none_p1,1000,1,100,0.1,0.5,none,0.05,0.4472135954999579,fuller,0.36885882743433557,0.36669159919848504,0.36669159919848504,0.03992625268530158,,400,20260823
a0.1_k0.5_none_p1,1000,1,100,0.1,0.5,none,0.05,0.4472135954999579,bekker,0.4846690172413941,0.2761903258774217,-0.08981933662064169,0.4762736010349163,,400,20260823
a0.1_k0.5_none_p1,1000,1,100,0.1,0.5,none,0.05,0.4472135954999579,jive,0.2982175405800185,0.28800709001636976,0.28800709001636976,0.07736677329382206,,400,20260823
a0.1_k0.5_none_p1,1000,1,100,0.1,0.5,none,0.05,0.4472135954999579,whiten,0.29822677865694813,0.2880376151630785,0.2880376151630785,0.07728870395644247,0.05,400,20260823
a0.1_k0.5_none_p1,1000,1,100,0.1,0.5,none,0.05,0.4472135954999579,pca_l,113.71662059608178,9.78910479079811,-6.76031434215542,113.51549651826599,0.01,400,20260823
a0.1_k0.5_none_p1,1000,1,100,0.1,0.5,none,0.05,0.4472135954999579,trunc_k1,0.29822677865694813,0.28803761516307846,0.28803761516307846,0.07728870395644274,1.0,400,20260823
a0.1_k0.5_none_p5,2000,5,200,0.1,0.5,none,F>10,,0,400,20260823
a0.1_k0.5_none_p5,2000,5,200,0.1,0.5,none,KP_rk>10,0.0,400,400,20260823
a0.1_k0.5_none_p5,2000,5,200,0.1,0.5,none,spectral_env,,0,400,20260823
a0.1_k0.5_none_p5,2000,5,200,0.1,0.5,none,0.05,0.4472135954999579,tsls,0.3881540648091072,0.38393330473103354,0.38393330473103354,0.05708586117542522,,400,20260823
a0.1_k0.5_none_p5,2000,5,200,0.1,0.5,none,0.05,0.4472135954999579,liml,0.41207689627357974,0.41145912139142254,0.41145912139142254,0.02255570584719582,,400,20260823
a0.1_k0.5_none_p5,2000,5,200,0.1,0.5,none,0.05,0.4472135954999579,fuller,0.4121056049650553,0.41148846773927356,0.41148846773927356,0.02254485664623008,,400,20260823
a0.1_k0.5_none_p5,2000,5,200,0.1,0.5,none,0.05,0.4472135954999579,bekker,7.642519793601618,2.1272785927743967,0.07155919425031859,7.642184771209786,,400,20260823
a0.1_k0.5_none_p5,2000,5,200,0.1,0.5,none,0.05,0.4472135954999579,jive,0.38813892202623695,0.38391684047309466,0.38391684047309466,0.05709362830339003,,400,20260823
a0.1_k0.5_none_p5,2000,5,200,0.1,0.5,none,0.05,0.4472135954999579,whiten,0.38815406480910725,0.3839333047310336,0.3839333047310336,0.05708586117542522,0.05,400,20260823
a0.1_k0.5_none_p5,2000,5,200,0.1,0.5,none,0.05,0.4472135954999579,pca_l,0.4217984174200967,0.38590760142929015,-0.35088139154768233,0.23408578342919542,0.005,400,20260823
a0.1_k0.5_none_p5,2000,5,200,0.1,0.5,none,0.05,0.4472135954999579,trunc_k1,0.37760364983819883,0.37601200257681994,-0.37601200257681994,0.03463365832970306,0.2,400,20260823
a0.1_k0.5_none_p5,2000,5,200,0.1,0.5,none,0.05,0.4472135954999579,trunc_k2,0.26734954297275976,0.24148985137081116,-0.18482346481399012,0.19317366534260116,0.4,400,20260823
a0.1_k0.5_none_p5,2000,5,200,0.1,0.5,none,0.05,0.4472135954999579,trunc_k5,0.38815406480910725,0.38393330473103354,0.38393330473103354,0.05708586117542546,1.0,400,20260823
a0.1_k2.0_none_p1,1000,1,100,0.1,2.0,none,F>10,,0,400,20260823
a0.1_k2.0_none_p1,1000,1,100,0.1,2.0,none,KP_rk>10,0.93,400,400,20260823
a0.1_k2.0_none_p1,1000,1,100,0.1,2.0,none,spectral_env,,0,400,20260823
a0.1_k2.0_none_p1,1000,1,100,0.1,2.0,none,0.05,0.8944271909999159,tsls,0.5849246935873141,0.5829310223164248,0.5829310223164248,0.0482526723544009,,400,20260823
a0.1_k2.0_none_p1,1000,1,100,0.1,2.0,none,0.05,0.8944271909999159,liml,0.7795301062332158,0.7792977146575073,0.7792977146575073,0.019033088387203127,,400,20260823
a0.1_k2.0_none_p1,1000,1,100,0.1,2.0,none,0.05,0.8944271909999159,fuller,0.7798067581291228,0.7795749410226874,0.7795749410226874,0.019012925953825154,,400,20260823
a0.1_k2.0_none_p1,1000,1,100,0.1,2.0,none,0.05,0.8944271909999159,bekker,0.6499495031033772,0.3232402736223344,-0.12606675188746017,0.6376060936447145,,400,20260823
a0.1_k2.0_none_p1,1000,1,100,0.1,2.0,none,0.05,0.8944271909999159,jive,0.5849089616752862,0.582914555388355,0.582914555388355,0.04826090099094483,,400,20260823
a0.1_k2.0_none_p1,1000,1,100,0.1,2.0,none,0.05,0.8944271909999159,whiten,0.5849246935873141,0.5829310223164248,0.5829310223164248,0.0482526723544009,0.05,400,20260823
a0.1_k2.0_none_p1,1000,1,100,0.1,2.0,none,0.05,0.8944271909999159,pca_l,10.060087243079915,2.541547356232069,0.8990652208197829,10.019832187571382,0.01,400,20260823
a0.1_k2.0_none_p1,1000,1,100,0.1,2.0,none,0.05,0.8944271909999159,trunc_k1,0.584924693587314,0.5829310223164248,0.5829310223164248,0.048252672354399756,1.0,400,20260823
a0.1_k2.0_none_p5,2000,5,200,0.1,2.0,none,F>10,,0,400,20260823
a0.1_k2.0_none_p5,2000,5,200,0.1,2.0,none,KP_rk>10,0.0,400,400,20260823
a0.1_k2.0_none_p5,2000,5,200,0.1,2.0,none,spectral_env,,0,400,20260823
a0.1_k2.0_none_p5,2000,5,200,0.1,2.0,none,0.05,0.8944271909999159,tsls,0.7633514224952973,0.7624513849151452,0.7624513849151452,0.03705779090246728,,400,20260823
a0.1_k2.0_none_p5,2000,5,200,0.1,2.0,none,0.05,0.8944271909999159,liml,0.828236033260655,0.828157375326298,0.828157375326298,0.01141439810073153,,400,20260823
a0.1_k2.0_none_p5,2000,5,200,0.1,2.0,none,0.05,0.8944271909999159,fuller,0.8282823904942335,0.8282038016733541,0.8282038016733541,0.011409701864879617,,400,20260823
a0.1_k2.0_none_p5,2000,5,200,0.1,2.0,none,0.05,0.8944271909999159,bekker,4.871147699482271,1.505915598922322,0.6746186355848,4.824206629767544,,400,20260823
a0.1_k2.0_none_p5,2000,5,200,0.1,2.0,none,0.05,0.8944271909999159,jive,0.7633659743395501,0.7624661524924808,0.7624661524924808,0.03705370538399068,,400,20260823
a0.1_k2.0_none_p5,2000,5,200,0.1,2.0,none,0.05,0.8944271909999159,whiten,0.7633514224952974,0.7624513849151454,0.7624513849151454,0.03705779090246578,0.05,400,20260823
a0.1_k2.0_none_p5,2000,5,200,0.1,2.0,none,0.05,0.8944271909999159,pca_l,0.3882156841633549,0.3494937912143651,-0.2840877213142208,0.2645856837187442,0.005,400,20260823
a0.1_k2.0_none_p5,2000,5,200,0.1,2.0,none,0.05,0.8944271909999159,trunc_k1,0.35220470784763513,0.34922256987447187,-0.34922256987447187,0.045735685414210615,0.2,400,20260823
a0.1_k2.0_none_p5,2000,5,200,0.1,2.0,none,0.05,0.8944271909999159,trunc_k2,0.2993749581022154,0.2587676131425402,-0.07338160674179345,0.2902421494729806,0.4,400,20260823
a0.1_k2.0_none_p5,2000,5,200,0.1,2.0,none,0.05,0.8944271909999159,trunc_k5,0.7633514224952973,0.7624513849151452,0.7624513849151452,0.03705779090246728,1.0,400,20260823
a0.3_k0.5_none_p1,1000,1,300,0.3,0.5,none,F>10,,0,400,20260823
a0.3_k0.5_none_p1,1000,1,300,0.3,0.5,none,KP_rk>10,0.94,400,400,20260823
a0.3_k0.5_none_p1,1000,1,300,0.3,0.5,none,spectral_env,,0,400,20260823
a0.3_k0.5_none_p1,1000,1,300,0.3,0.5,none,0.05,0.4472135954999579,tsls,0.38200986739839304,0.3789901190766116,0.3789901190766116,0.04793775580931572,,400,20260823
a0.3_k0.5_none_p1,1000,1,300,0.3,0.5,none,0.05,0.4472135954999579,liml,0.4096047919861359,0.40839892875305067,0.40839892875305067,0.03140701532088519,,400,20260823
a0.3_k0.5_none_p1,1000,1,300,0.3,0.5,none,0.05,0.4472135954999579,fuller,0.4096716651539998,0.40846782419694433,0.40846782419694433,0.03138327302664756,,400,20260823
a0.3_k0.5_none_p1,1000,1,300,0.3,0.5,none,0.05,0.4472135954999579,bekker,17.713536505373565,1.957543695744184,0.8413363804781346,17.69354482917671,,400,20260823
a0.3_k0.5_none_p1,1000,1,300,0.3,0.5,none,0.05,0.4472135954999579,jive,0.38203768447918757,0.3790169938505955,0.3790169938505955,0.04794695751220215,,400,20260823
a0.3_k0.5_none_p1,1000,1,300,0.3,0.5,none,0.05,0.4472135954999579,whiten,0.3820098673983931,0.3789901190766116,0.3789901190766116,0.0479377558093163,0.05,400,20260823
a0.3_k0.5_none_p1,1000,1,300,0.3,0.5,none,0.05,0.4472135954999579,pca_l,9.710186847048773,2.8657022446757723,0.6072603198978764,9.691179675791616,0.0033333333333333335,400,20260823
a0.3_k0.5_none_p1,1000,1,300,0.3,0.5,none,0.05,0.4472135954999579,trunc_k1,0.38200986739839304,0.3789901190766116,0.3789901190766116,0.04793775580931572,1.0,400,20260823
a0.3_k0.5_none_p5,2000,5,600,0.3,0.5,none,F>10,,0,400,20260823
a0.3_k0.5_none_p5,2000,5,600,0.3,0.5,none,KP_rk>10,0.0,400,400,20260823
a0.3_k0.5_none_p5,2000,5,600,0.3,0.5,none,spectral_env,,0,400,20260823
a0.3_k0.5_none_p5,2000,5,600,0.3,0.5,none,0.05,0.4472135954999579,tsls,0.40642878638686436,0.4047827557680006,0.4047827557680006,0.03654147009580468,,400,20260823
a0.3_k0.5_none_p5,2000,5,600,0.3,0.5,none,0.05,0.4472135954999579,liml,0.42087140972566983,0.4203498414901566,0.4203498414901566,0.02094646231879924,,400,20260823
a0.3_k0.5_none_p5,2000,5,600,0.3,0.5,none,0.05,0.4472135954999579,fuller,0.42088646514414224,0.4203652609425502,0.4203652609425502,0.020939530420544614,,400,20260823
a0.3_k0.5_none_p5,2000,5,600,0.3,0.5,none,0.05,0.4472135954999579,bekker,6.849241943732075,1.9074341036613083,0.40737593795104826,6.837116354791488,,400,20260823
a0.3_k0.5_none_p5,2000,5,600,0.3,0.5,none,0.05,0.4472135954999579,jive,0.40643299998024823,0.4047865088169622,0.4047865088169622,0.03654676117961542,,400,20260823
a0.3_k0.5_none_p5,2000,5,600,0.3,0.5,none,0.05,0.4472135954999579,whiten,0.40642878638686436,0.40478275576800066,0.40478275576800066,0.0365414700958043,0.05,400,20260823
a0.3_k0.5_none_p5,2000,5,600,0.3,0.5,none,0.05,0.4472135954999579,pca_l,0.4189179900942582,0.38084739773983517,-0.3359529167759609,0.25025570949398396,0.0016666666666666668,400,20260823
a0.3_k0.5_none_p5,2000,5,600,0.3,0.5,none,0.05,0.4472135954999579,trunc_k1,0.35343517220628234,0.3496018312036265,-0.3496018312036265,0.051913202285695216,0.2,400,20260823
a0.3_k0.5_none_p5,2000,5,600,0.3,0.5,none,0.05,0.4472135954999579,trunc_k2,0.246006150132413,0.2178118603500559,-0.16528977619609578,0.18220404986721864,0.4,400,20260823
a0.3_k0.5_none_p5,2000,5,600,0.3,0.5,none,0.05,0.4472135954999579,trunc_k5,0.4064287863868644,0.4047827557680007,0.4047827557680007,0.0365414700958043,1.0,400,20260823
a0.3_k2.0_none_p1,1000,1,300,0.3,2.0,none,F>10,,0,400,20260823
a0.3_k2.0_none_p1,1000,1,300,0.3,2.0,none,KP_rk>10,0.96,400,400,20260823
a0.3_k2.0_none_p1,1000,1,300,0.3,2.0,none,spectral_env,,0,400,20260823
a0.3_k2.0_none_p1,1000,1,300,0.3,2.0,none,0.05,0.8944271909999159,tsls,0.7610050164679069,0.7605125542182509,0.7605125542182509,0.02737316141316504,,400,20260823
a0.3_k2.0_none_p1,1000,1,300,0.3,2.0,none,0.05,0.8944271909999159,liml,0.8242756897733569,0.8241131226704507,0.8241131226704507,0.016369905121958236,,400,20260823
a0.3_k2.0_none_p1,1000,1,300,0.3,2.0,none,0.05,0.8944271909999159,fuller,0.8243816075781812,0.8242192582511771,0.8242192582511771,0.016359989030121747,,400,20260823
a0.3_k2.0_none_p1,1000,1,300,0.3,2.0,none,0.05,0.8944271909999159,bekker,4.395873434656925,1.2445273115754247,0.031135898745888912,4.3957631657462795,,400,20260823
a0.3_k2.0_none_p1,1000,1,300,0.3,2.0,none,0.05,0.8944271909999159,jive,0.7609932016489208,0.7605012218657733,0.7605012218657733,0.027359541234109483,,400,20260823
a0.3_k2.0_none_p1,1000,1,300,0.3,2.0,none,0.05,0.8944271909999159,whiten,0.7610050164679069,0.7605125542182509,0.7605125542182509,0.02737316141316504,0.05,400,20260823
a0.3_k2.0_none_p1,1000,1,300,0.3,2.0,none,0.05,0.8944271909999159,pca_l,12.671095864291985,2.8088911319964116,0.5013355068926024,12.6611742390509,0.0033333333333333335,400,20260823
a0.3_k2.0_none_p1,1000,1,300,0.3,2.0,none,0.05,0.8944271909999159,trunc_k1,0.7610050164679069,0.7605125542182507,0.7605125542182507,0.027373161413171126,1.0,400,20260823
a0.3_k2.0_none_p5,2000,5,600,0.3,2.0,none,F>10,,0,400,20260823
a0.3_k2.0_none_p5,2000,5,600,0.3,2.0,none,KP_rk>10,0.0,400,400,20260823
a0.3_k2.0_none_p5,2000,5,600,0.3,2.0,none,spectral_env,,0,400,20260823
a0.3_k2.0_none_p5,2000,5,600,0.3,2.0,none,0.05,0.8944271909999159,tsls,0.8115556093136447,0.8113024511708709,0.8113024511708709,0.020269181842830185,,400,20260823
a0.3_k2.0_none_p5,2000,5,600,0.3,2.0,none,0.05,0.8944271909999159,liml,0.8445837125594994,0.8445017399790706,0.8445017399790706,0.011766847203445986,,400,20260823
a0.3_k2.0_none_p5,2000,5,600,0.3,2.0,none,0.05,0.8944271909999159,fuller,0.8446107094890208,0.8445287839191374,0.8445287839191374,0.011763660808180604,,400,20260823
a0.3_k2.0_none_p5,2000,5,600,0.3,2.0,none,0.05,0.8944271909999159,bekker,8.011862510767784,1.806803761224397,0.8024367830453766,7.971576763769013,,400,20260823
a0.3_k2.0_none_p5,2000,5,600,0.3,2.0,none,0.05,0.8944271909999159,jive,0.811546972953249,0.8112928981236837,0.8112928981236837,0.020305732285629572,,400,20260823
a0.3_k2.0_none_p5,2000,5,600,0.3,2.0,none,0.05,0.8944271909999159,whiten,0.8115556093136447,0.811302451170871,0.811302451170871,0.020269181842827447,0.05,400,20260823
a0.3_k2.0_none_p5,2000,5,600,0.3,2.0,none,0.05,0.8944271909999159,pca_l,0.39466433563407366,0.3621251841399767,-0.2718508371239537,0.28610672864595543,0.0016666666666666668,400,20260823
a0.3_k2.0_none_p5,2000,5,600,0.3,2.0,none,0.05,0.8944271909999159,trunc_k1,0.30539554111299005,0.29875307355034914,-0.29875307355034914,0.06334854044029498,0.2,400,20260823
a0.3_k2.0_none_p5,2000,5,600,0.3,2.0,none,0.05,0.8944271909999159,trunc_k2,0.2780058198147403,0.23069097964328777,-0.015498344324316302,0.2775734806750652,0.4,400,20260823
a0.3_k2.0_none_p5,2000,5,600,0.3,2.0,none,0.05,0.8944271909999159,trunc_k5,0.8115556093136447,0.811302451170871,0.811302451170871,0.020269181842827447,1.0,400,20260823
a0.5_k0.5_none_p1,1000,1,500,0.5,0.5,none,F>10,,0,400,20260823
a0.5_k0.5_none_p1,1000,1,500,0.5,0.5,none,KP_rk>10,0.95,400,400,20260823
a0.5_k0.5_none_p1,1000,1,500,0.5,0.5,none,spectral_env,,0,400,20260823
a0.5_k0.5_none_p1,1000,1,500,0.5,0.5,none,0.05,0.4472135954999579,tsls,0.4035722492718791,0.4015175580904106,0.4015175580904106,0.0406719919290594,,400,20260823
a0.5_k0.5_none_p1,1000,1,500,0.5,0.5,none,0.05,0.4472135954999579,liml,0.41724986355020804,0.4161079273102776,0.4161079273102776,0.030848686555701825,,400,20260823
a0.5_k0.5_none_p1,1000,1,500,0.5,0.5,none,0.05,0.4472135954999579,fuller,0.4172841968028759,0.41614334231321193,0.41614334231321193,0.030835362002255808,,400,20260823
a0.5_k0.5_none_p1,1000,1,500,0.5,0.5,none,0.05,0.4472135954999579,bekker,27.989465933542174,2.924684297828869,1.2403055803350285,27.961971413194522,,400,20260823
a0.5_k0.5_none_p1,1000,1,500,0.5,0.5,none,0.05,0.4472135954999579,jive,0.4036716656495126,0.4016164052413524,0.4016164052413524,0.04068263375527333,,400,20260823
a0.5_k0.5_none_p1,1000,1,500,0.5,0.5,none,0.05,0.4472135954999579,whiten,0.4035722492718791,0.4015175580904106,0.4015175580904106,0.0406719919290594,0.05,400,20260823
a0.5_k0.5_none_p1,1000,1,500,0.5,0.5,none,0.05,0.4472135954999579,pca_l,11.719639798151567,3.0071165701198748,-0.38466713935477287,11.713325240524943,0.002,400,20260823
a0.5_k0.5_none_p1,1000,1,500,0.5,0.5,none,0.05,0.4472135954999579,trunc_k1,0.4035722492718791,0.4015175580904107,0.4015175580904107,0.040671991929059056,1.0,400,20260823
a0.5_k0.5_none_p5,2000,5,1000,0.5,0.5,none,F>10,,0,400,20260823
a0.5_k0.5_none_p5,2000,5,1000,0.5,0.5,none,KP_rk>10,0.0075,400,400,20260823
a0.5_k0.5_none_p5,2000,5,1000,0.5,0.5,none,spectral_env,,0,400,20260823
a0.5_k0.5_none_p5,2000,5,1000,0.5,0.5,none,0.05,0.4472135954999579,tsls,0.4159286396478411,0.41499787614566314,0.41499787614566314,0.027809999530609218,,400,20260823
a0.5_k0.5_none_p5,2000,5,1000,0.5,0.5,none,0.05,0.4472135954999579,liml,0.4238374671970274,0.42335322981406476,0.42335322981406476,0.020254416950160985,,400,20260823
a0.5_k0.5_none_p5,2000,5,1000,0.5,0.5,none,0.05,0.4472135954999579,fuller,0.4238469800516984,0.42336293461630736,0.42336293461630736,0.02025063189169895,,400,20260823
a0.5_k0.5_none_p5,2000,5,1000,0.5,0.5,none,0.05,0.4472135954999579,bekker,60.72962082906578,4.229913357459809,-2.6362836751167675,60.67237307396516,,400,20260823
a0.5_k0.5_none_p5,2000,5,1000,0.5,0.5,none,0.05,0.4472135954999579,jive,0.41591513597031954,0.4149843891921883,0.4149843891921883,0.027809298013358654,,400,20260823
a0.5_k0.5_none_p5,2000,5,1000,0.5,0.5,none,0.05,0.4472135954999579,whiten,0.4159286396478411,0.41499787614566314,0.41499787614566314,0.027809999530609218,0.05,400,20260823
a0.5_k0.5_none_p5,2000,5,1000,0.5,0.5,none,0.05,0.4472135954999579,pca_l,0.4367688096731992,0.3894434872504957,-0.32880582042463224,0.28749560963296084,0.001,400,20260823
a0.5_k0.5_none_p5,2000,5,1000,0.5,0.5,none,0.05,0.4472135954999579,trunc_k1,0.3501088796148604,0.3436809486672987,-0.3436809486672987,0.06678048448699975,0.2,400,20260823
a0.5_k0.5_none_p5,2000,5,1000,0.5,0.5,none,0.05,0.4472135954999579,trunc_k2,0.2437363126634123,0.21833280327543378,-0.15457908877302948,0.18844812396215718,0.4,400,20260823
a0.5_k0.5_none_p5,2000,5,1000,0.5,0.5,none,0.05,0.4472135954999579,trunc_k5,0.41592863964784116,0.41499787614566314,0.41499787614566314,0.027809999530610217,1.0,400,20260823
a0.5_k2.0_none_p1,1000,1,500,0.5,2.0,none,F>10,,0,400,20260823
a0.5_k2.0_none_p1,1000,1,500,0.5,2.0,none,KP_rk>10,0.9125,400,400,20260823
a0.5_k2.0_none_p1,1000,1,500,0.5,2.0,none,spectral_env,,0,400,20260823
a0.5_k2.0_none_p1,1000,1,500,0.5,2.0,none,0.05,0.8944271909999159,tsls,0.8109953887483752,0.8106765363335022,0.8106765363335022,0.022739261409377556,,400,20260823
a0.5_k2.0_none_p1,1000,1,500,0.5,2.0,none,0.05,0.8944271909999159,liml,0.8408125628649198,0.8406561996170048,0.8406561996170048,0.01621480548663014,,400,20260823
a0.5_k2.0_none_p1,1000,1,500,0.5,2.0,none,0.05,0.8944271909999159,fuller,0.8408754316465218,0.840719222249416,0.840719222249416,0.01620743308057707,,400,20260823
a0.5_k2.0_none_p1,1000,1,500,0.5,2.0,none,0.05,0.8944271909999159,bekker,16.660758368211653,2.849971328356096,1.2977836680136365,16.610136271414863,,400,20260823
a0.5_k2.0_none_p1,1000,1,500,0.5,2.0,none,0.05,0.8944271909999159,jive,0.8109874798603545,0.8106683502296371,0.8106683502296371,0.0227490313245924,,400,20260823
a0.5_k2.0_none_p1,1000,1,500,0.5,2.0,none,0.05,0.8944271909999159,whiten,0.8109953887483752,0.8106765363335022,0.8106765363335022,0.022739261409377556,0.05,400,20260823
a0.5_k2.0_none_p1,1000,1,500,0.5,2.0,none,0.05,0.8944271909999159,pca_l,4.380648560632116,1.7479872866155566,0.945753664808839,4.277339338568882,0.002,400,20260823
a0.5_k2.0_none_p1,1000,1,500,0.5,2.0,none,0.05,0.8944271909999159,trunc_k1,0.8109953887483752,0.8106765363335022,0.8106765363335022,0.022739261409377556,1.0,400,20260823
a0.5_k2.0_none_p5,2000,5,1000,0.5,2.0,none,F>10,,0,400,20260823
a0.5_k2.0_none_p5,2000,5,1000,0.5,2.0,none,KP_rk>10,0.0,400,400,20260823
a0.5_k2.0_none_p5,2000,5,1000,0.5,2.0,none,spectral_env,,0,400,20260823
a0.5_k2.0_none_p5,2000,5,1000,0.5,2.0,none,0.05,0.8944271909999159,tsls,0.8324903991742222,0.8323533093317041,0.8323533093317041,0.015107387656911227,,400,20260823
a0.5_k2.0_none_p5,2000,5,1000,0.5,2.0,none,0.05,0.8944271909999159,liml,0.8518080644648242,0.8517414068869664,0.8517414068869664,0.010656194514040224,,400,20260823
a0.5_k2.0_none_p5,2000,5,1000,0.5,2.0,none,0.05,0.8944271909999159,fuller,0.8518281793175178,0.85176155231702,0.85176155231702,0.010653876003484553,,400,20260823
a0.5_k2.0_none_p5,2000,5,1000,0.5,2.0,none,0.05,0.8944271909999159,bekker,7.638690199493723,2.0518344792713084,0.867999795938635,7.589213682463549,,400,20260823
a0.5_k2.0_none_p5,2000,5,1000,0.5,2.0,none,0.05,0.8944271909999159,jive,0.8325252426893186,0.8323883008503051,0.8323883008503051,0.015099547094225736,,400,20260823
a0.5_k2.0_none_p5,2000,5,1000,0.5,2.0,none,0.05,0.8944271909999159,whiten,0.8324903991742222,0.8323533093317041,0.8323533093317041,0.015107387656911227,0.05,400,20260823
a0.5_k2.0_none_p5,2000,5,1000,0.5,2.0,none,0.05,0.8944271909999159,pca_l,0.384734922113694,0.34736755045403117,-0.27301677884098857,0.271077108522872,0.001,400,20260823
a0.5_k2.0_none_p5,2000,5,1000,0.5,2.0,none,0.05,0.8944271909999159,trunc_k1,0.2938917284776454,0.2793794384140565,-0.2792453515589738,0.09162085843454636,0.2,400,20260823
a0.5_k2.0_none_p5,2000,5,1000,0.5,2.0,none,0.05,0.8944271909999159,trunc_k2,0.2870172377273379,0.23324994071647764,0.016887101553078168,0.2865200177191241,0.4,400,20260823
a0.5_k2.0_none_p5,2000,5,1000,0.5,2.0,none,0.05,0.8944271909999159,trunc_k5,0.8324903991742222,0.8323533093317041,0.8323533093317041,0.015107387656911227,1.0,400,20260823
a0.7_k0.5_none_p1,1000,1,699,0.7,0.5,none,F>10,,0,400,20260823
a0.7_k0.5_none_p1,1000,1,699,0.7,0.5,none,KP_rk>10,0.9525,400,400,20260823
a0.7_k0.5_none_p1,1000,1,699,0.7,0.5,none,spectral_env,,0,400,20260823
a0.7_k0.5_none_p1,1000,1,699,0.7,0.5,none,0.05,0.4472135954999579,tsls,0.4191113748668792,0.4178948554693024,0.4178948554693024,0.03190978400266323,,400,20260823
a0.7_k0.5_none_p1,1000,1,699,0.7,0.5,none,0.05,0.4472135954999579,liml,0.42613839039213197,0.4252639826133372,0.4252639826133372,0.027285029921924633,,400,20260823
a0.7_k0.5_none_p1,1000,1,699,0.7,0.5,none,0.05,0.4472135954999579,fuller,0.4261636610640874,0.42528965880809977,0.42528965880809977,0.027279518368850234,,400,20260823
a0.7_k0.5_none_p1,1000,1,699,0.7,0.5,none,0.05,0.4472135954999579,bekker,6.214444003131566,2.028665181914028,0.4053069636515494,6.201212827606666,,400,20260823
a0.7_k0.5_none_p1,1000,1,699,0.7,0.5,none,0.05,0.4472135954999579,jive,0.419071027218687,0.4178497193440564,0.4178497193440564,0.03197089142045907,,400,20260823
a0.7_k0.5_none_p1,1000,1,699,0.7,0.5,none,0.05,0.4472135954999579,whiten,0.41911137486687927,0.4178948554693024,0.4178948554693024,0.031909784002663664,0.05,400,20260823
a0.7_k0.5_none_p1,1000,1,699,0.7,0.5,none,0.05,0.4472135954999579,pca_l,41.526181259527036,6.507426255329586,3.3567763875813132,41.3902860860235,0.001430615164520744,400,20260823
a0.7_k0.5_none_p1,1000,1,699,0.7,0.5,none,0.05,0.4472135954999579,trunc_k1,0.4191113748668792,0.4178948554693024,0.4178948554693024,0.03190978400266323,1.0,400,20260823
a0.7_k0.5_none_p5,2000,5,1399,0.7,0.5,none,F>10,,0,400,20260823
a0.7_k0.5_none_p5,2000,5,1399,0.7,0.5,none,KP_rk>10,0.1625,400,400,20260823
a0.7_k0.5_none_p5,2000,5,1399,0.7,0.5,none,spectral_env,,0,400,20260823
a0.7_k0.5_none_p5,2000,5,1399,0.7,0.5,none,0.05,0.4472135954999579,tsls,0.4251339739991201,0.424470630081827,0.424470630081827,0.023739840905560267,,400,20260823
a0.7_k0.5_none_p5,2000,5,1399,0.7,0.5,none,0.05,0.4472135954999579,liml,0.430221536915243,0.42975597062553034,0.42975597062553034,0.020009411221275718,,400,20260823
a0.7_k0.5_none_p5,2000,5,1399,0.7,0.5,none,0.05,0.4472135954999579,fuller,0.43023053068275807,0.429765049006822,0.429765049006822,0.02000780307108994,,400,20260823
a0.7_k0.5_none_p5,2000,5,1399,0.7,0.5,none,0.05,0.4472135954999579,bekker,6.732522621586261,1.9379657958980205,-0.2837754338009127,6.726539403983436,,400,20260823
a0.7_k0.5_none_p5,2000,5,1399,0.7,0.5,none,0.05,0.4472135954999579,jive,0.4250909286157769,0.42443064013792836,0.42443064013792836,0.023683946114021664,,400,20260823
a0.7_k0.5_none_p5,2000,5,1399,0.7,0.5,none,0.05,0.4472135954999579,whiten,0.4251339739991201,0.4244706300818271,0.4244706300818271,0.023739840905558512,0.05,400,20260823
a0.7_k0.5_none_p5,2000,5,1399,0.7,0.5,none,0.05,0.4472135954999579,pca_l,0.4564347164447868,0.40681847314497604,-0.33169656044299173,0.31354432249097036,0.0007147962830593281,400,20260823
a0.7_k0.5_none_p5,2000,5,1399,0.7,0.5,none,0.05,0.4472135954999579,trunc_k1,0.3434608791465935,0.3286811261398711,-0.3281907736649424,0.10127285710079202,0.2,400,20260823
a0.7_k0.5_none_p5,2000,5,1399,0.7,0.5,none,0.05,0.4472135954999579,trunc_k2,0.2491797047806597,0.21741795199538447,-0.14598245831002749,0.20193971164765442,0.4,400,20260823
a0.7_k0.5_none_p5,2000,5,1399,0.7,0.5,none,0.05,0.4472135954999579,trunc_k5,0.4251339739991201,0.4244706300818271,0.4244706300818271,0.023739840905558512,1.0,400,20260823
a0.7_k2.0_none_p1,1000,1,699,0.7,2.0,none,F>10,,0,400,20260823
a0.7_k2.0_none_p1,1000,1,699,0.7,2.0,none,KP_rk>10,0.945,400,400,20260823
a0.7_k2.0_none_p1,1000,1,699,0.7,2.0,none,spectral_env,,0,400,20260823
a0.7_k2.0_none_p1,1000,1,699,0.7,2.0,none,0.05,0.8944271909999159,tsls,0.8335080419204149,0.8333160865345195,0.8333160865345195,0.01788731027285561,,400,20260823
a0.7_k2.0_none_p1,1000,1,699,0.7,2.0,none,0.05,0.8944271909999159,liml,0.8475025527072587,0.8473701890120793,0.8473701890120793,0.014977971122713893,,400,20260823
a0.7_k2.0_none_p1,1000,1,699,0.7,2.0,none,0.05,0.8944271909999159,fuller,0.8475489169495446,0.8474166373948723,0.8474166373948723,0.014973619759887547,,400,20260823
a0.7_k2.0_none_p1,1000,1,699,0.7,2.0,none,0.05,0.8944271909999159,bekker,34.92945684082321,3.524487923784984,2.2265307460925414,34.85842102034508,,400,20260823
a0.7_k2.0_none_p1,1000,1,699,0.7,2.0,none,0.05,0.8944271909999159,jive,0.8335372172106484,0.8333445089934287,0.8333445089934287,0.01792266179374555,,400,20260823
a0.7_k2.0_none_p1,1000,1,699,0.7,2.0,none,0.05,0.8944271909999159,whiten,0.8335080419204149,0.8333160865345195,0.8333160865345195,0.01788731027285561,0.05,400,20260823
a0.7_k2.0_none_p1,1000,1,699,0.7,2.0,none,0.05,0.8944271909999159,pca_l,5.583225199728438,1.8679854622419356,0.2767905918426992,5.576359977543597,0.001430615164520744,400,20260823
a0.7_k2.0_none_p1,1000,1,699,0.7,2.0,none,0.05,0.8944271909999159,trunc_k1,0.8335080419204149,0.8333160865345195,0.8333160865345195,0.01788731027285561,1.0,400,20260823
a0.7_k2.0_none_p5,2000,5,1399,0.7,2.0,none,F>10,,0,400,20260823
a0.7_k2.0_none_p5,2000,5,1399,0.7,2.0,none,KP_rk>10,0.0425,400,400,20260823
a0.7_k2.0_none_p5,2000,5,1399,0.7,2.0,none,spectral_env,,0,400,20260823
a0.7_k2.0_none_p5,2000,5,1399,0.7,2.0,none,0.05,0.8944271909999159,tsls,0.8464971612206907,0.8464039939044556,0.8464039939044556,0.012558784068306551,,400,20260823
a0.7_k2.0_none_p5,2000,5,1399,0.7,2.0,none,0.05,0.8944271909999159,liml,0.8560042284014769,0.8559393878151098,0.8559393878151098,0.01053581643267069,,400,20260823
a0.7_k2.0_none_p5,2000,5,1399,0.7,2.0,none,0.05,0.8944271909999159,fuller,0.8560199999629536,0.8559551763981387,0.8559551763981387,0.0105345305451364,,400,20260823
a0.7_k2.0_none_p5,2000,5,1399,0.7,2.0,none,0.05,0.8944271909999159,bekker,2.9188109390072983,1.3260464915405539,0.8493624976218705,2.792497205961396,,400,20260823
a0.7_k2.0_none_p5,2000,5,1399,0.7,2.0,none,0.05,0.8944271909999159,jive,0.846506890744032,0.8464135545747736,0.8464135545747736,0.012570231072862774,,400,20260823
a0.7_k2.0_none_p5,2000,5,1399,0.7,2.0,none,0.05,0.8944271909999159,whiten,0.8464971612206906,0.8464039939044556,0.8464039939044556,0.01255878406829771,0.05,400,20260823
a0.7_k2.0_none_p5,2000,5,1399,0.7,2.0,none,0.05,0.8944271909999159,pca_l,0.39975276108532715,0.3594453219737707,-0.23574908133497743,0.3228384125922082,0.0007147962830593281,400,20260823
a0.7_k2.0_none_p5,2000,5,1399,0.7,2.0,none,0.05,0.8944271909999159,trunc_k1,0.305387224582639,0.28139244165492383,-0.27089531517813653,0.1409861168797313,0.2,400,20260823
a0.7_k2.0_none_p5,2000,5,1399,0.7,2.0,none,0.05,0.8944271909999159,trunc_k2,0.2953314274441169,0.24122090102642577,0.013785186019085833,0.29500952642685774,0.4,400,20260823
a0.7_k2.0_none_p5,2000,5,1399,0.7,2.0,none,0.05,0.8944271909999159,trunc_k5,0.8464971612206907,0.8464039939044556,0.8464039939044556,0.012558784068306551,1.0,400,20260823
a0.9_k0.5_none_p1,1000,1,899,0.9,0.5,none,F>10,,0,400,20260823
a0.9_k0.5_none_p1,1000,1,899,0.9,0.5,none,KP_rk>10,0.9425,400,400,20260823
a0.9_k0.5_none_p1,1000,1,899,0.9,0.5,none,spectral_env,,0,400,20260823
a0.9_k0.5_none_p1,1000,1,899,0.9,0.5,none,0.05,0.4472135954999579,tsls,0.42340025723696434,0.42234517455943404,0.42234517455943404,0.029871915818854785,,400,20260823
a0.9_k0.5_none_p1,1000,1,899,0.9,0.5,none,0.05,0.4472135954999579,liml,0.42585876517577886,0.4248998199384143,0.4248998199384143,0.028562753602239595,,400,20260823
a0.9_k0.5_none_p1,1000,1,899,0.9,0.5,none,0.05,0.4472135954999579,fuller,0.42588366589963644,0.42492487358182646,0.42492487358182646,0.02856131459828072,,400,20260823
a0.9_k0.5_none_p1,1000,1,899,0.9,0.5,none,0.05,0.4472135954999579,bekker,41.87046507447023,4.682030066868832,0.08984745788477355,41.8703686750755,,400,20260823
a0.9_k0.5_none_p1,1000,1,899,0.9,0.5,none,0.05,0.4472135954999579,jive,0.42334084165809394,0.4222891177626061,0.4222891177626061,0.029822294262232145,,400,20260823
a0.9_k0.5_none_p1,1000,1,899,0.9,0.5,none,0.05,0.4472135954999579,whiten,0.4234002572369643,0.422345174559434,0.422345174559434,0.02987191581885525,0.05,400,20260823
a0.9_k0.5_none_p1,1000,1,899,0.9,0.5,none,0.05,0.4472135954999579,pca_l,20.273187201412192,3.765546396583198,-0.7829515043161774,20.25806274660517,0.0011123470522803114,400,20260823
a0.9_k0.5_none_p1,1000,1,899,0.9,0.5,none,0.05,0.4472135954999579,trunc_k1,0.42340025723696434,0.42234517455943404,0.42234517455943404,0.029871915818854785,1.0,400,20260823
a0.9_k0.5_none_p5,2000,5,1799,0.9,0.5,none,F>10,,0,400,20260823
a0.9_k0.5_none_p5,2000,5,1799,0.9,0.5,none,KP_rk>10,0.5675,400,400,20260823
a0.9_k0.5_none_p5,2000,5,1799,0.9,0.5,none,spectral_env,,0,400,20260823
a0.9_k0.5_none_p5,2000,5,1799,0.9,0.5,none,0.05,0.4472135954999579,tsls,0.4265419806160565,0.4260608479736193,0.4260608479736193,0.0202537663625511,,400,20260823
a0.9_k0.5_none_p5,2000,5,1799,0.9,0.5,none,0.05,0.4472135954999579,liml,0.42804223351770865,0.427603257837781,0.427603257837781,0.01938059754870329,,400,20260823
a0.9_k0.5_none_p5,2000,5,1799,0.9,0.5,none,0.05,0.4472135954999579,fuller,0.4280497858498024,0.4276108039768114,0.4276108039768114,0.01938090525147559,,400,20260823
a0.9_k0.5_none_p5,2000,5,1799,0.9,0.5,none,0.05,0.4472135954999579,bekker,6.131603781549865,1.6757387319232657,-0.35489237991266037,6.121324720401339,,400,20260823
a0.9_k0.5_none_p5,2000,5,1799,0.9,0.5,none,0.05,0.4472135954999579,jive,0.42660989453421655,0.426126487761165,0.426126487761165,0.020303165832673768,,400,20260823
a0.9_k0.5_none_p5,2000,5,1799,0.9,0.5,none,0.05,0.4472135954999579,whiten,0.4265419806160565,0.4260608479736193,0.4260608479736193,0.0202537663625511,0.05,400,20260823
a0.9_k0.5_none_p5,2000,5,1799,0.9,0.5,none,0.05,0.4472135954999579,pca_l,0.409094348841582,0.3721519925437397,-0.32769106268332027,0.2449015183529785,0.0005558643690939411,400,20260823
a0.9_k0.5_none_p5,2000,5,1799,0.9,0.5,none,0.05,0.4472135954999579,trunc_k1,0.360410795814784,0.3345480342848505,-0.3285811625125168,0.14808903194284506,0.2,400,20260823
a0.9_k0.5_none_p5,2000,5,1799,0.9,0.5,none,0.05,0.4472135954999579,trunc_k2,0.2500529107165428,0.2099887287384345,-0.13246620876332837,0.21208291230951545,0.4,400,20260823
a0.9_k0.5_none_p5,2000,5,1799,0.9,0.5,none,0.05,0.4472135954999579,trunc_k5,0.4265419806160564,0.4260608479736192,0.4260608479736192,0.020253766362550413,1.0,400,20260823
a0.9_k2.0_none_p1,1000,1,899,0.9,2.0,none,F>10,,0,400,20260823
a0.9_k2.0_none_p1,1000,1,899,0.9,2.0,none,KP_rk>10,0.9525,400,400,20260823
a0.9_k2.0_none_p1,1000,1,899,0.9,2.0,none,spectral_env,,0,400,20260823
a0.9_k2.0_none_p1,1000,1,899,0.9,2.0,none,0.05,0.8944271909999159,tsls,0.8471494867368475,0.8470047431099326,0.8470047431099326,0.015659438935716544,,400,20260823
a0.9_k2.0_none_p1,1000,1,899,0.9,2.0,none,0.05,0.8944271909999159,liml,0.8513666221869616,0.8512298737125207,0.8512298737125207,0.015258685179352312,,400,20260823
a0.9_k2.0_none_p1,1000,1,899,0.9,2.0,none,0.05,0.8944271909999159,fuller,0.8514076186691015,0.851270846471466,0.851270846471466,0.01526037599615172,,400,20260823
a0.9_k2.0_none_p1,1000,1,899,0.9,2.0,none,0.05,0.8944271909999159,bekker,507.3058113151069,30.31014652988387,28.706157914513405,506.49298385255634,,400,20260823
a0.9_k2.0_none_p1,1000,1,899,0.9,2.0,none,0.05,0.8944271909999159,jive,0.8471854212481654,0.8470399905696908,0.8470399905696908,0.015696889855307806,,400,20260823
a0.9_k2.0_none_p1,1000,1,899,0.9,2.0,none,0.05,0.8944271909999159,whiten,0.8471494867368476,0.8470047431099326,0.8470047431099326,0.01565943893572009,0.05,400,20260823
a0.9_k2.0_none_p1,1000,1,899,0.9,2.0,none,0.05,0.8944271909999159,pca_l,48.42389695281607,4.423154262255863,-2.2616146010820977,48.37105431446706,0.0011123470522803114,400,20260823
a0.9_k2.0_none_p1,1000,1,899,0.9,2.0,none,0.05,0.8944271909999159,trunc_k1,0.8471494867368475,0.8470047431099326,0.8470047431099326,0.015659438935716544,1.0,400,20260823
a0.9_k2.0_none_p5,2000,5,1799,0.9,2.0,none,F>10,,0,400,20260823
a0.9_k2.0_none_p5,2000,5,1799,0.9,2.0,none,KP_rk>10,0.49,400,400,20260823
a0.9_k2.0_none_p5,2000,5,1799,0.9,2.0,none,spectral_env,,0,400,20260823
a0.9_k2.0_none_p5,2000,5,1799,0.9,2.0,none,0.05,0.8944271909999159,tsls,0.8538194812936127,0.8537504956452071,0.8537504956452071,0.010853470507497574,,400,20260823
a0.9_k2.0_none_p5,2000,5,1799,0.9,2.0,none,0.05,0.8944271909999159,liml,0.8569093187833488,0.856846842007488,0.856846842007488,0.01034746150211721,,400,20260823
a0.9_k2.0_none_p5,2000,5,1799,0.9,2.0,none,0.05,0.8944271909999159,fuller,0.8569244779975205,0.8568620067660947,0.8568620067660947,0.010347093896549104,,400,20260823
a0.9_k2.0_none_p5,2000,5,1799,0.9,2.0,none,0.05,0.8944271909999159,bekker,4.920418095328475,1.6297219994073726,0.49461109504595124,4.895495286229305,,400,20260823
a0.9_k2.0_none_p5,2000,5,1799,0.9,2.0,none,0.05,0.8944271909999159,jive,0.8538520740250125,0.85378293579038,0.85378293579038,0.010865673931021875,,400,20260823
a0.9_k2.0_none_p5,2000,5,1799,0.9,2.0,none,0.05,0.8944271909999159,whiten,0.8538194812936127,0.8537504956452071,0.8537504956452071,0.010853470507497574,0.05,400,20260823
a0.9_k2.0_none_p5,2000,5,1799,0.9,2.0,none,0.05,0.8944271909999159,pca_l,0.3855328862078701,0.3456952351657395,-0.2534932495437536,0.2904768128156166,0.0005558643690939411,400,20260823
a0.9_k2.0_none_p5,2000,5,1799,0.9,2.0,none,0.05,0.8944271909999159,trunc_k1,0.32529365213034056,0.28863570222050616,-0.2383055321803741,0.22141913523569662,0.2,400,20260823
a0.9_k2.0_none_p5,2000,5,1799,0.9,2.0,none,0.05,0.8944271909999159,trunc_k2,0.3198364683068904,0.2599295063470628,0.02310788148908682,0.31900061484597614,0.4,400,20260823
a0.9_k2.0_none_p5,2000,5,1799,0.9,2.0,none,0.05,0.8944271909999159,trunc_k5,0.8538194812936127,0.8537504956452069,0.8537504956452069,0.010853470507518032,1.0,400,20260823
a0.1_k0.5_none_p1,1000,1,100,0.1,0.5,none,F>10,,0,400,20260823
a0.1_k0.5_none_p1,1000,1,100,0.1,0.5,none,KP_rk>10,0.955,400,400,20260823
a0.1_k0.5_none_p1,1000,1,100,0.1,0.5,none,spectral_env,,0,400,20260823
a0.1_k0.5_none_p1,1000,1,100,0.1,0.5,none,0.1,0.4472135954999579,tsls,0.21822588570802112,0.20786190985601322,0.20786190985601322,0.06645271720600242,,400,20260823
a0.1_k0.5_none_p1,1000,1,100,0.1,0.5,none,0.1,0.4472135954999579,liml,0.3244851215127496,0.3225863562210818,0.3225863562210818,0.03505191668296058,,400,20260823
a0.1_k0.5_none_p1,1000,1,100,0.1,0.5,none,0.1,0.4472135954999579,fuller,0.3247876392427249,0.3228964220610767,0.3228964220610767,0.034998731762985985,,400,20260823
a0.1_k0.5_none_p1,1000,1,100,0.1,0.5,none,0.1,0.4472135954999579,bekker,0.15458918983204661,0.12010100963178928,-0.018979167949017925,0.15341971449879416,,400,20260823
a0.1_k0.5_none_p1,1000,1,100,0.1,0.5,none,0.1,0.4472135954999579,jive,0.2182282061480873,0.20784249274038133,0.20784249274038133,0.0665210355457326,,400,20260823
a0.1_k0.5_none_p1,1000,1,100,0.1,0.5,none,0.1,0.4472135954999579,whiten,0.21822588570802115,0.20786190985601322,0.20786190985601322,0.06645271720600253,0.05,400,20260823
a0.1_k0.5_none_p1,1000,1,100,0.1,0.5,none,0.1,0.4472135954999579,pca_l,58.84794712374729,6.8296981646766675,5.15936117695917,58.621343151833734,0.01,400,20260823
a0.1_k0.5_none_p1,1000,1,100,0.1,0.5,none,0.1,0.4472135954999579,trunc_k1,0.21822588570802112,0.20786190985601322,0.20786190985601322,0.06645271720600242,1.0,400,20260823
a0.1_k0.5_none_p5,2000,5,200,0.1,0.5,none,F>10,,0,400,20260823
a0.1_k0.5_none_p5,2000,5,200,0.1,0.5,none,KP_rk>10,0.0,400,400,20260823
a0.1_k0.5_none_p5,2000,5,200,0.1,0.5,none,spectral_env,,0,400,20260823
a0.1_k0.5_none_p5,2000,5,200,0.1,0.5,none,0.1,0.4472135954999579,tsls,0.3769542518264481,0.37270578672940347,0.37270578672940347,0.05643495821256258,,400,20260823
a0.1_k0.5_none_p5,2000,5,200,0.1,0.5,none,0.1,0.4472135954999579,liml,0.4015939694923704,0.4010667309694622,0.4010667309694622,0.020571670863299814,,400,20260823
a0.1_k0.5_none_p5,2000,5,200,0.1,0.5,none,0.1,0.4472135954999579,fuller,0.40161637640859893,0.4010893772647076,0.4010893772647076,0.020567577518572095,,400,20260823
a0.1_k0.5_none_p5,2000,5,200,0.1,0.5,none,0.1,0.4472135954999579,bekker,19.46852577535817,2.914249563468118,-0.6616131762319466,19.457280484970703,,400,20260823
a0.1_k0.5_none_p5,2000,5,200,0.1,0.5,none,0.1,0.4472135954999579,jive,0.3769374457289252,0.3726882305499896,0.3726882305499896,0.056438646353046205,,400,20260823
a0.1_k0.5_none_p5,2000,5,200,0.1,0.5,none,0.1,0.4472135954999579,whiten,0.37695425182644815,0.3727057867294035,0.3727057867294035,0.05643495821256233,0.05,400,20260823
a0.1_k0.5_none_p5,2000,5,200,0.1,0.5,none,0.1,0.4472135954999579,pca_l,0.4170992626306196,0.38487750638768353,-0.35940853303365755,0.21165372963782342,0.005,400,20260823
a0.1_k0.5_none_p5,2000,5,200,0.1,0.5,none,0.1,0.4472135954999579,trunc_k1,0.38714889892772586,0.38653877506326273,-0.38653877506326273,0.02172660381980788,0.2,400,20260823
a0.1_k0.5_none_p5,2000,5,200,0.1,0.5,none,0.1,0.4472135954999579,trunc_k2,0.2745832338023385,0.24865172193407603,-0.19570535073478826,0.19260157834016628,0.4,400,20260823
a0.1_k0.5_none_p5,2000,5,200,0.1,0.5,none,0.1,0.4472135954999579,trunc_k5,0.3769542518264481,0.37270578672940347,0.37270578672940347,0.05643495821256258,1.0,400,20260823
a0.1_k2.0_none_p1,1000,1,100,0.1,2.0,none,F>10,,0,400,20260823
a0.1_k2.0_none_p1,1000,1,100,0.1,2.0,none,KP_rk>10,0.8875,400,400,20260823
a0.1_k2.0_none_p1,1000,1,100,0.1,2.0,none,spectral_env,,0,400,20260823
a0.1_k2.0_none_p1,1000,1,100,0.1,2.0,none,0.1,0.8944271909999159,tsls,0.42308024476216494,0.42075414468887146,0.42075414468887146,0.04430398667331885,,400,20260823
a0.1_k2.0_none_p1,1000,1,100,0.1,2.0,none,0.1,0.8944271909999159,liml,0.7252950695365256,0.7250815863002589,0.7250815863002589,0.017596337752317965,,400,20260823
a0.1_k2.0_none_p1,1000,1,100,0.1,2.0,none,0.1,0.8944271909999159,fuller,0.7255798973484336,0.7253667067591948,0.7253667067591948,0.017587727581577114,,400,20260823
a0.1_k2.0_none_p1,1000,1,100,0.1,2.0,none,0.1,0.8944271909999159,bekker,0.1799991624368458,0.1325701581333142,-0.028545086813033294,0.17772134507931903,,400,20260823
a0.1_k2.0_none_p1,1000,1,100,0.1,2.0,none,0.1,0.8944271909999159,jive,0.42306730178276203,0.4207411238559996,0.4207411238559996,0.04430404647588106,,400,20260823
a0.1_k2.0_none_p1,1000,1,100,0.1,2.0,none,0.1,0.8944271909999159,whiten,0.42308024476216494,0.42075414468887146,0.42075414468887146,0.04430398667331885,0.05,400,20260823
a0.1_k2.0_none_p1,1000,1,100,0.1,2.0,none,0.1,0.8944271909999159,pca_l,37.29474891769807,5.195731953607682,-3.478163826003711,37.13220533759907,0.01,400,20260823
a0.1_k2.0_none_p1,1000,1,100,0.1,2.0,none,0.1,0.8944271909999159,trunc_k1,0.42308024476216494,0.42075414468887146,0.42075414468887146,0.04430398667331885,1.0,400,20260823
a0.1_k2.0_none_p5,2000,5,200,0.1,2.0,none,F>10,,0,400,20260823
a0.1_k2.0_none_p5,2000,5,200,0.1,2.0,none,KP_rk>10,0.0,400,400,20260823
a0.1_k2.0_none_p5,2000,5,200,0.1,2.0,none,spectral_env,,0,400,20260823
a0.1_k2.0_none_p5,2000,5,200,0.1,2.0,none,0.1,0.8944271909999159,tsls,0.7415510171681532,0.7405601285652699,0.7405601285652699,0.038322409142869704,,400,20260823
a0.1_k2.0_none_p5,2000,5,200,0.1,2.0,none,0.1,0.8944271909999159,liml,0.8079018606286121,0.8078264104314249,0.8078264104314249,0.011041151056501735,,400,20260823
a0.1_k2.0_none_p5,2000,5,200,0.1,2.0,none,0.1,0.8944271909999159,fuller,0.8079394881407641,0.8078640725993408,0.8078640725993408,0.011038872241629482,,400,20260823
a0.1_k2.0_none_p5,2000,5,200,0.1,2.0,none,0.1,0.8944271909999159,bekker,4.312231510605794,1.4945171328531837,0.45571725936559515,4.2880837655738295,,400,20260823
a0.1_k2.0_none_p5,2000,5,200,0.1,2.0,none,0.1,0.8944271909999159,jive,0.741567664759074,0.7405771978431364,0.7405771978431364,0.03831468975516265,,400,20260823
a0.1_k2.0_none_p5,2000,5,200,0.1,2.0,none,0.1,0.8944271909999159,whiten,0.7415510171681531,0.7405601285652699,0.7405601285652699,0.038322409142868254,0.05,400,20260823
a0.1_k2.0_none_p5,2000,5,200,0.1,2.0,none,0.1,0.8944271909999159,pca_l,0.3956640944382123,0.35995495363953955,-0.30771475106458784,0.2487201391220046,0.005,400,20260823
a0.1_k2.0_none_p5,2000,5,200,0.1,2.0,none,0.1,0.8944271909999159,trunc_k1,0.37297524518659264,0.3719737719850515,-0.3719737719850515,0.02731385138005671,0.2,400,20260823
a0.1_k2.0_none_p5,2000,5,200,0.1,2.0,none,0.1,0.8944271909999159,trunc_k2,0.30557966224999117,0.26870953260122216,-0.09699221300874537,0.2897782610833408,0.4,400,20260823
a0.1_k2.0_none_p5,2000,5,200,0.1,2.0,none,0.1,0.8944271909999159,trunc_k5,0.7415510171681532,0.7405601285652701,0.7405601285652701,0.03832240914286536,1.0,400,20260823
a0.3_k0.5_none_p1,1000,1,300,0.3,0.5,none,F>10,,0,400,20260823
a0.3_k0.5_none_p1,1000,1,300,0.3,0.5,none,KP_rk>10,0.9375,400,400,20260823
a0.3_k0.5_none_p1,1000,1,300,0.3,0.5,none,spectral_env,,0,400,20260823
a0.3_k0.5_none_p1,1000,1,300,0.3,0.5,none,0.1,0.4472135954999579,tsls,0.3282952122333753,0.3251946940026849,0.3251946940026849,0.04501285780593228,,400,20260823
a0.3_k0.5_none_p1,1000,1,300,0.3,0.5,none,0.1,0.4472135954999579,liml,0.3764429938996865,0.37523815164612756,0.37523815164612756,0.03009413905326384,,400,20260823
a0.3_k0.5_none_p1,1000,1,300,0.3,0.5,none,0.1,0.4472135954999579,fuller,0.3765498849613185,0.37534680901870304,0.37534680901870304,0.030076383157878084,,400,20260823
a0.3_k0.5_none_p1,1000,1,300,0.3,0.5,none,0.1,0.4472135954999579,bekker,0.3306369163109933,0.21735810058865426,-0.06357393606158537,0.3244674484155232,,400,20260823
a0.3_k0.5_none_p1,1000,1,300,0.3,0.5,none,0.1,0.4472135954999579,jive,0.32832151044606095,0.3252188261268772,0.3252188261268772,0.04503031594647028,,400,20260823
a0.3_k0.5_none_p1,1000,1,300,0.3,0.5,none,0.1,0.4472135954999579,whiten,0.32829521223337543,0.32519469400268497,0.32519469400268497,0.04501285780593259,0.05,400,20260823
a0.3_k0.5_none_p1,1000,1,300,0.3,0.5,none,0.1,0.4472135954999579,pca_l,47.19345448119091,4.600025589636727,-2.434648700953425,47.130612467600976,0.0033333333333333335,400,20260823
a0.3_k0.5_none_p1,1000,1,300,0.3,0.5,none,0.1,0.4472135954999579,trunc_k1,0.3282952122333753,0.3251946940026849,0.3251946940026849,0.04501285780593228,1.0,400,20260823
a0.3_k0.5_none_p5,2000,5,600,0.3,0.5,none,F>10,,0,400,20260823
a0.3_k0.5_none_p5,2000,5,600,0.3,0.5,none,KP_rk>10,0.0,400,400,20260823
a0.3_k0.5_none_p5,2000,5,600,0.3,0.5,none,spectral_env,,0,400,20260823
a0.3_k0.5_none_p5,2000,5,600,0.3,0.5,none,0.1,0.4472135954999579,tsls,0.3904604444962064,0.38877057179777863,0.38877057179777863,0.03628775578901734,,400,20260823
a0.3_k0.5_none_p5,2000,5,600,0.3,0.5,none,0.1,0.4472135954999579,liml,0.4077710471668896,0.40727519189752387,0.40727519189752387,0.020103357242431147,,400,20260823
a0.3_k0.5_none_p5,2000,5,600,0.3,0.5,none,0.1,0.4472135954999579,fuller,0.4077869257354042,0.40729129928092717,0.40729129928092717,0.020099112686541378,,400,20260823
a0.3_k0.5_none_p5,2000,5,600,0.3,0.5,none,0.1,0.4472135954999579,bekker,8.576172618420523,2.2390639029140083,0.23733906127316115,8.572887900290072,,400,20260823
a0.3_k0.5_none_p5,2000,5,600,0.3,0.5,none,0.1,0.4472135954999579,jive,0.39046002658015344,0.3887697182492365,0.3887697182492365,0.03629240319107283,,400,20260823
a0.3_k0.5_none_p5,2000,5,600,0.3,0.5,none,0.1,0.4472135954999579,whiten,0.39046044449620637,0.38877057179777863,0.38877057179777863,0.03628775578901658,0.05,400,20260823
a0.3_k0.5_none_p5,2000,5,600,0.3,0.5,none,0.1,0.4472135954999579,pca_l,0.4164100498493623,0.3826127595267003,-0.34972026913193327,0.22603774678985933,0.0016666666666666668,400,20260823
a0.3_k0.5_none_p5,2000,5,600,0.3,0.5,none,0.1,0.4472135954999579,trunc_k1,0.3689800838766592,0.3679645757098038,-0.3679645757098038,0.02735641278257324,0.2,400,20260823
a0.3_k0.5_none_p5,2000,5,600,0.3,0.5,none,0.1,0.4472135954999579,trunc_k2,0.25704770318222486,0.2294912075169656,-0.18134764116248112,0.18217177266541915,0.4,400,20260823
a0.3_k0.5_none_p5,2000,5,600,0.3,0.5,none,0.1,0.4472135954999579,trunc_k5,0.3904604444962064,0.38877057179777863,0.38877057179777863,0.03628775578901734,1.0,400,20260823
a0.3_k2.0_none_p1,1000,1,300,0.3,2.0,none,F>10,,0,400,20260823
a0.3_k2.0_none_p1,1000,1,300,0.3,2.0,none,KP_rk>10,0.9375,400,400,20260823
a0.3_k2.0_none_p1,1000,1,300,0.3,2.0,none,spectral_env,,0,400,20260823
a0.3_k2.0_none_p1,1000,1,300,0.3,2.0,none,0.1,0.8944271909999159,tsls,0.6526968830334401,0.6521017967738457,0.6521017967738457,0.027865171197934305,,400,20260823
a0.3_k2.0_none_p1,1000,1,300,0.3,2.0,none,0.1,0.8944271909999159,liml,0.7701990512975143,0.770023552928923,0.770023552928923,0.016441002229464697,,400,20260823
a0.3_k2.0_none_p1,1000,1,300,0.3,2.0,none,0.1,0.8944271909999159,fuller,0.7703553956090964,0.7701800722375799,0.7701800722375799,0.016434472068297384,,400,20260823
a0.3_k2.0_none_p1,1000,1,300,0.3,2.0,none,0.1,0.8944271909999159,bekker,0.6473211314397582,0.30219455115895116,-0.142228571579324,0.6315027162530291,,400,20260823
a0.3_k2.0_none_p1,1000,1,300,0.3,2.0,none,0.1,0.8944271909999159,jive,0.6526943213870938,0.6520995293391675,0.6520995293391675,0.0278582305000722,,400,20260823
a0.3_k2.0_none_p1,1000,1,300,0.3,2.0,none,0.1,0.8944271909999159,whiten,0.6526968830334402,0.6521017967738457,0.6521017967738457,0.027865171197936297,0.05,400,20260823
a0.3_k2.0_none_p1,1000,1,300,0.3,2.0,none,0.1,0.8944271909999159,pca_l,14.49421393444611,2.9722705081891276,1.1638539456465482,14.447410895059875,0.0033333333333333335,400,20260823
a0.3_k2.0_none_p1,1000,1,300,0.3,2.0,none,0.1,0.8944271909999159,trunc_k1,0.6526968830334402,0.6521017967738457,0.6521017967738457,0.027865171197936297,1.0,400,20260823
a0.3_k2.0_none_p5,2000,5,600,0.3,2.0,none,F>10,,0,400,20260823
a0.3_k2.0_none_p5,2000,5,600,0.3,2.0,none,KP_rk>10,0.0,400,400,20260823
a0.3_k2.0_none_p5,2000,5,600,0.3,2.0,none,spectral_env,,0,400,20260823
a0.3_k2.0_none_p5,2000,5,600,0.3,2.0,none,0.1,0.8944271909999159,tsls,0.7791495911772806,0.7788676726377983,0.7788676726377983,0.020957909044151214,,400,20260823
a0.3_k2.0_none_p5,2000,5,600,0.3,2.0,none,0.1,0.8944271909999159,liml,0.8193239156755885,0.819240464606974,0.819240464606974,0.011693585785731115,,400,20260823
a0.3_k2.0_none_p5,2000,5,600,0.3,2.0,none,0.1,0.8944271909999159,fuller,0.8193527144823,0.8192692979213123,0.8192692979213123,0.0116913734451246,,400,20260823
a0.3_k2.0_none_p5,2000,5,600,0.3,2.0,none,0.1,0.8944271909999159,bekker,2.8355672650567825,1.3666844633424529,0.8127190647434915,2.716602554011916,,400,20260823
a0.3_k2.0_none_p5,2000,5,600,0.3,2.0,none,0.1,0.8944271909999159,jive,0.7791429968923496,0.7788600021410409,0.7788600021410409,0.020997777769317164,,400,20260823
a0.3_k2.0_none_p5,2000,5,600,0.3,2.0,none,0.1,0.8944271909999159,whiten,0.7791495911772804,0.778867672637798,0.778867672637798,0.020957909044159163,0.05,400,20260823
a0.3_k2.0_none_p5,2000,5,600,0.3,2.0,none,0.1,0.8944271909999159,pca_l,0.39181993342481586,0.3603214586166038,-0.29046943008078235,0.26296458015780877,0.0016666666666666668,400,20260823
a0.3_k2.0_none_p5,2000,5,600,0.3,2.0,none,0.1,0.8944271909999159,trunc_k1,0.3356966065885452,0.33413722439874144,-0.33413722439874144,0.03231914210138658,0.2,400,20260823
a0.3_k2.0_none_p5,2000,5,600,0.3,2.0,none,0.1,0.8944271909999159,trunc_k2,0.2787489734374864,0.23942155174073343,-0.05295980978198262,0.2736717901799685,0.4,400,20260823
a0.3_k2.0_none_p5,2000,5,600,0.3,2.0,none,0.1,0.8944271909999159,trunc_k5,0.7791495911772806,0.7788676726377983,0.7788676726377983,0.020957909044151214,1.0,400,20260823
a0.5_k0.5_none_p1,1000,1,500,0.5,0.5,none,F>10,,0,400,20260823
a0.5_k0.5_none_p1,1000,1,500,0.5,0.5,none,KP_rk>10,0.9475,400,400,20260823
a0.5_k0.5_none_p1,1000,1,500,0.5,0.5,none,spectral_env,,0,400,20260823
a0.5_k0.5_none_p1,1000,1,500,0.5,0.5,none,0.1,0.4472135954999579,tsls,0.36503489655702864,0.3629349374326901,0.3629349374326901,0.039098681501169644,,400,20260823
a0.5_k0.5_none_p1,1000,1,500,0.5,0.5,none,0.1,0.4472135954999579,liml,0.390431098056515,0.38927687330729227,0.38927687330729227,0.029999303953831238,,400,20260823
a0.5_k0.5_none_p1,1000,1,500,0.5,0.5,none,0.1,0.4472135954999579,fuller,0.390492571986819,0.38933940660365407,0.38933940660365407,0.029987918273790746,,400,20260823
a0.5_k0.5_none_p1,1000,1,500,0.5,0.5,none,0.1,0.4472135954999579,bekker,3.348617901528953,0.8098445888215933,-0.16047094559832517,3.3447706836282434,,400,20260823
a0.5_k0.5_none_p1,1000,1,500,0.5,0.5,none,0.1,0.4472135954999579,jive,0.3651263945386005,0.36302614290919505,0.36302614290919505,0.03910631091307989,,400,20260823
a0.5_k0.5_none_p1,1000,1,500,0.5,0.5,none,0.1,0.4472135954999579,whiten,0.36503489655702864,0.3629349374326901,0.3629349374326901,0.039098681501169644,0.05,400,20260823
a0.5_k0.5_none_p1,1000,1,500,0.5,0.5,none,0.1,0.4472135954999579,pca_l,17.258267276241654,3.1258802384056152,1.2650889956605569,17.21183718291723,0.002,400,20260823
a0.5_k0.5_none_p1,1000,1,500,0.5,0.5,none,0.1,0.4472135954999579,trunc_k1,0.36503489655702864,0.3629349374326901,0.3629349374326901,0.039098681501169644,1.0,400,20260823
a0.5_k0.5_none_p5,2000,5,1000,0.5,0.5,none,F>10,,0,400,20260823
a0.5_k0.5_none_p5,2000,5,1000,0.5,0.5,none,KP_rk>10,0.0,400,400,20260823
a0.5_k0.5_none_p5,2000,5,1000,0.5,0.5,none,spectral_env,,0,400,20260823
a0.5_k0.5_none_p5,2000,5,1000,0.5,0.5,none,0.1,0.4472135954999579,tsls,0.39979468077142616,0.3988499608517672,0.3988499608517672,0.027468081506911077,,400,20260823
a0.5_k0.5_none_p5,2000,5,1000,0.5,0.5,none,0.1,0.4472135954999579,liml,0.41039825036052224,0.40991603327498055,0.40991603327498055,0.019888930667155684,,400,20260823
a0.5_k0.5_none_p5,2000,5,1000,0.5,0.5,none,0.1,0.4472135954999579,fuller,0.4104102900133818,0.40992822290927505,0.40992822290927505,0.019886131129806826,,400,20260823
a0.5_k0.5_none_p5,2000,5,1000,0.5,0.5,none,0.1,0.4472135954999579,bekker,4.06223522372184,1.609651731712758,0.7548974028836164,3.9914765343123344,,400,20260823
a0.5_k0.5_none_p5,2000,5,1000,0.5,0.5,none,0.1,0.4472135954999579,jive,0.39977821847671124,0.39883358195014496,0.39883358195014496,0.027466304397025895,,400,20260823
a0.5_k0.5_none_p5,2000,5,1000,0.5,0.5,none,0.1,0.4472135954999579,whiten,0.39979468077142616,0.3988499608517673,0.3988499608517673,0.02746808150690956,0.05,400,20260823
a0.5_k0.5_none_p5,2000,5,1000,0.5,0.5,none,0.1,0.4472135954999579,pca_l,0.4315055224436984,0.39116515325576967,-0.33528738637472744,0.27162360802664653,0.001,400,20260823
a0.5_k0.5_none_p5,2000,5,1000,0.5,0.5,none,0.1,0.4472135954999579,trunc_k1,0.36031207129537546,0.3587711045016222,-0.3587711045016222,0.03328788512131443,0.2,400,20260823
a0.5_k0.5_none_p5,2000,5,1000,0.5,0.5,none,0.1,0.4472135954999579,trunc_k2,0.2527782764165787,0.22870355640243958,-0.17014022702765175,0.18694694481353627,0.4,400,20260823
a0.5_k0.5_none_p5,2000,5,1000,0.5,0.5,none,0.1,0.4472135954999579,trunc_k5,0.39979468077142616,0.3988499608517673,0.3988499608517673,0.02746808150690956,1.0,400,20260823
a0.5_k2.0_none_p1,1000,1,500,0.5,2.0,none,F>10,,0,400,20260823
a0.5_k2.0_none_p1,1000,1,500,0.5,2.0,none,KP_rk>10,0.91,400,400,20260823
a0.5_k2.0_none_p1,1000,1,500,0.5,2.0,none,spectral_env,,0,400,20260823
a0.5_k2.0_none_p1,1000,1,500,0.5,2.0,none,0.1,0.8944271909999159,tsls,0.7333337564459356,0.7329364228060947,0.7329364228060947,0.02413707661072969,,400,20260823
a0.5_k2.0_none_p1,1000,1,500,0.5,2.0,none,0.1,0.8944271909999159,liml,0.7911798292487441,0.7909955096293879,0.7909955096293879,0.017077059355072786,,400,20260823
a0.5_k2.0_none_p1,1000,1,500,0.5,2.0,none,0.1,0.8944271909999159,fuller,0.7912885982701257,0.7911044500165235,0.7911044500165235,0.017070293388053267,,400,20260823
a0.5_k2.0_none_p1,1000,1,500,0.5,2.0,none,0.1,0.8944271909999159,bekker,56.37992018485954,3.821431071530319,-2.920923336097276,56.3042059433909,,400,20260823
a0.5_k2.0_none_p1,1000,1,500,0.5,2.0,none,0.1,0.8944271909999159,jive,0.7333349835085685,0.7329374423715115,0.7329374423715115,0.024143396766398657,,400,20260823
a0.5_k2.0_none_p1,1000,1,500,0.5,2.0,none,0.1,0.8944271909999159,whiten,0.7333337564459356,0.7329364228060947,0.7329364228060947,0.02413707661072969,0.05,400,20260823
a0.5_k2.0_none_p1,1000,1,500,0.5,2.0,none,0.1,0.8944271909999159,pca_l,14.67121557630462,2.9693462695353117,1.4642480058210001,14.597963702648823,0.002,400,20260823
a0.5_k2.0_none_p1,1000,1,500,0.5,2.0,none,0.1,0.8944271909999159,trunc_k1,0.7333337564459356,0.7329364228060947,0.7329364228060947,0.02413707661072969,1.0,400,20260823
a0.5_k2.0_none_p5,2000,5,1000,0.5,2.0,none,F>10,,0,400,20260823
a0.5_k2.0_none_p5,2000,5,1000,0.5,2.0,none,KP_rk>10,0.0,400,400,20260823
a0.5_k2.0_none_p5,2000,5,1000,0.5,2.0,none,spectral_env,,0,400,20260823
a0.5_k2.0_none_p5,2000,5,1000,0.5,2.0,none,0.1,0.8944271909999159,tsls,0.7999704632566829,0.7998206189730559,0.7998206189730559,0.015482879211229603,,400,20260823
a0.5_k2.0_none_p5,2000,5,1000,0.5,2.0,none,0.1,0.8944271909999159,liml,0.8253512055613217,0.8252791759102177,0.8252791759102177,0.010903867684407632,,400,20260823
a0.5_k2.0_none_p5,2000,5,1000,0.5,2.0,none,0.1,0.8944271909999159,fuller,0.8253759113015724,0.8253039078191989,0.8253039078191989,0.010902050048513598,,400,20260823
a0.5_k2.0_none_p5,2000,5,1000,0.5,2.0,none,0.1,0.8944271909999159,bekker,9.945928246380902,2.1117855195457764,1.0041430734893648,9.895109164133602,,400,20260823
a0.5_k2.0_none_p5,2000,5,1000,0.5,2.0,none,0.1,0.8944271909999159,jive,0.8000109600333137,0.7998612332851223,0.7998612332851223,0.015477198100028287,,400,20260823
a0.5_k2.0_none_p5,2000,5,1000,0.5,2.0,none,0.1,0.8944271909999159,whiten,0.7999704632566829,0.7998206189730559,0.7998206189730559,0.015482879211229603,0.05,400,20260823
a0.5_k2.0_none_p5,2000,5,1000,0.5,2.0,none,0.1,0.8944271909999159,pca_l,0.38703136311719927,0.3517696717089491,-0.2922674674661887,0.25371835467158793,0.001,400,20260823
a0.5_k2.0_none_p5,2000,5,1000,0.5,2.0,none,0.1,0.8944271909999159,trunc_k1,0.31619234549320285,0.3129511266467199,-0.3129511266467199,0.04515741001255081,0.2,400,20260823
a0.5_k2.0_none_p5,2000,5,1000,0.5,2.0,none,0.1,0.8944271909999159,trunc_k2,0.2832817123056519,0.23869054289667546,-0.018434873997533414,0.28268124088364477,0.4,400,20260823
a0.5_k2.0_none_p5,2000,5,1000,0.5,2.0,none,0.1,0.8944271909999159,trunc_k5,0.7999704632566829,0.7998206189730559,0.7998206189730559,0.015482879211229603,1.0,400,20260823
a0.7_k0.5_none_p1,1000,1,699,0.7,0.5,none,F>10,,0,400,20260823
a0.7_k0.5_none_p1,1000,1,699,0.7,0.5,none,KP_rk>10,0.9525,400,400,20260823
a0.7_k0.5_none_p1,1000,1,699,0.7,0.5,none,spectral_env,,0,400,20260823
a0.7_k0.5_none_p1,1000,1,699,0.7,0.5,none,0.1,0.4472135954999579,tsls,0.3889326776796112,0.38768590071595627,0.38768590071595627,0.031117039593927216,,400,20260823
a0.7_k0.5_none_p1,1000,1,699,0.7,0.5,none,0.1,0.4472135954999579,liml,0.4021804448737697,0.4012923642499821,0.4012923642499821,0.026712331113606776,,400,20260823
a0.7_k0.5_none_p1,1000,1,699,0.7,0.5,none,0.1,0.4472135954999579,fuller,0.40222720238638976,0.4013395785868643,0.4013395785868643,0.026707021535542143,,400,20260823
a0.7_k0.5_none_p1,1000,1,699,0.7,0.5,none,0.1,0.4472135954999579,bekker,10.720391981616311,1.3417311505746488,-0.8002868357413935,10.69047918570736,,400,20260823
a0.7_k0.5_none_p1,1000,1,699,0.7,0.5,none,0.1,0.4472135954999579,jive,0.3888871250799177,0.3876358801675035,0.3876358801675035,0.031170827061347037,,400,20260823
a0.7_k0.5_none_p1,1000,1,699,0.7,0.5,none,0.1,0.4472135954999579,whiten,0.3889326776796112,0.3876859007159563,0.3876859007159563,0.031117039593926768,0.05,400,20260823
a0.7_k0.5_none_p1,1000,1,699,0.7,0.5,none,0.1,0.4472135954999579,pca_l,32.45664427067455,5.268413033475685,0.37233559486990303,32.454508523746036,0.001430615164520744,400,20260823
a0.7_k0.5_none_p1,1000,1,699,0.7,0.5,none,0.1,0.4472135954999579,trunc_k1,0.3889326776796112,0.3876859007159564,0.3876859007159564,0.031117039593925876,1.0,400,20260823
a0.7_k0.5_none_p5,2000,5,1399,0.7,0.5,none,F>10,,0,400,20260823
a0.7_k0.5_none_p5,2000,5,1399,0.7,0.5,none,KP_rk>10,0.0,400,400,20260823
a0.7_k0.5_none_p5,2000,5,1399,0.7,0.5,none,spectral_env,,0,400,20260823
a0.7_k0.5_none_p5,2000,5,1399,0.7,0.5,none,0.1,0.4472135954999579,tsls,0.4099251803656481,0.4092597542573027,0.4092597542573027,0.023347527557780533,,400,20260823
a0.7_k0.5_none_p5,2000,5,1399,0.7,0.5,none,0.1,0.4472135954999579,liml,0.4167391104228398,0.41627083850256613,0.41627083850256613,0.019750320716138938,,400,20260823
a0.7_k0.5_none_p5,2000,5,1399,0.7,0.5,none,0.1,0.4472135954999579,fuller,0.4167509063605045,0.4162826961645669,0.4162826961645669,0.019749299386582018,,400,20260823
a0.7_k0.5_none_p5,2000,5,1399,0.7,0.5,none,0.1,0.4472135954999579,bekker,15.192148124718502,2.914242780153799,1.023816452219887,15.15761077860069,,400,20260823
a0.7_k0.5_none_p5,2000,5,1399,0.7,0.5,none,0.1,0.4472135954999579,jive,0.4098813138657373,0.40921913425895906,0.40921913425895906,0.023289302536810157,,400,20260823
a0.7_k0.5_none_p5,2000,5,1399,0.7,0.5,none,0.1,0.4472135954999579,whiten,0.4099251803656481,0.4092597542573026,0.4092597542573026,0.02334752755778291,0.05,400,20260823
a0.7_k0.5_none_p5,2000,5,1399,0.7,0.5,none,0.1,0.4472135954999579,pca_l,0.4510544069377557,0.40192425754927696,-0.3384909852828946,0.2981173106349005,0.0007147962830593281,400,20260823
a0.7_k0.5_none_p5,2000,5,1399,0.7,0.5,none,0.1,0.4472135954999579,trunc_k1,0.35030378887434616,0.34692088813130567,-0.34692088813130567,0.04856585094393563,0.2,400,20260823
a0.7_k0.5_none_p5,2000,5,1399,0.7,0.5,none,0.1,0.4472135954999579,trunc_k2,0.2558520908288773,0.23013398399911827,-0.16296939712290615,0.19723404367122976,0.4,400,20260823
a0.7_k0.5_none_p5,2000,5,1399,0.7,0.5,none,0.1,0.4472135954999579,trunc_k5,0.4099251803656481,0.4092597542573027,0.4092597542573027,0.023347527557780533,1.0,400,20260823
a0.7_k2.0_none_p1,1000,1,699,0.7,2.0,none,F>10,,0,400,20260823
a0.7_k2.0_none_p1,1000,1,699,0.7,2.0,none,KP_rk>10,0.9375,400,400,20260823
a0.7_k2.0_none_p1,1000,1,699,0.7,2.0,none,spectral_env,,0,400,20260823
a0.7_k2.0_none_p1,1000,1,699,0.7,2.0,none,0.1,0.8944271909999159,tsls,0.7736812631804157,0.7734463596583575,0.7734463596583575,0.019063728063483432,,400,20260823
a0.7_k2.0_none_p1,1000,1,699,0.7,2.0,none,0.1,0.8944271909999159,liml,0.8011800820918159,0.8010234686810409,0.8010234686810409,0.015840661692064002,,400,20260823
a0.7_k2.0_none_p1,1000,1,699,0.7,2.0,none,0.1,0.8944271909999159,fuller,0.8012669451506721,0.8011104489487855,0.8011104489487855,0.015835592068674537,,400,20260823
a0.7_k2.0_none_p1,1000,1,699,0.7,2.0,none,0.1,0.8944271909999159,bekker,13.258818417397663,1.7896440555894395,-0.13227942038115778,13.258158544099068,,400,20260823
a0.7_k2.0_none_p1,1000,1,699,0.7,2.0,none,0.1,0.8944271909999159,jive,0.7737165661899086,0.7734804997586848,0.7734804997586848,0.019111286972842634,,400,20260823
a0.7_k2.0_none_p1,1000,1,699,0.7,2.0,none,0.1,0.8944271909999159,whiten,0.7736812631804159,0.7734463596583577,0.7734463596583577,0.01906372806348052,0.05,400,20260823
a0.7_k2.0_none_p1,1000,1,699,0.7,2.0,none,0.1,0.8944271909999159,pca_l,4.868827023148935,1.9112841846068394,0.28622634195562086,4.860406470915372,0.001430615164520744,400,20260823
a0.7_k2.0_none_p1,1000,1,699,0.7,2.0,none,0.1,0.8944271909999159,trunc_k1,0.7736812631804159,0.7734463596583576,0.7734463596583576,0.019063728063483432,1.0,400,20260823
a0.7_k2.0_none_p5,2000,5,1399,0.7,2.0,none,F>10,,0,400,20260823
a0.7_k2.0_none_p5,2000,5,1399,0.7,2.0,none,KP_rk>10,0.0,400,400,20260823
a0.7_k2.0_none_p5,2000,5,1399,0.7,2.0,none,spectral_env,,0,400,20260823
a0.7_k2.0_none_p5,2000,5,1399,0.7,2.0,none,0.1,0.8944271909999159,tsls,0.8161707207304251,0.816069227542842,0.816069227542842,0.012870945390714194,,400,20260823
a0.7_k2.0_none_p5,2000,5,1399,0.7,2.0,none,0.1,0.8944271909999159,liml,0.8293741109421027,0.8293039604869996,0.8293039604869996,0.01078689119163596,,400,20260823
a0.7_k2.0_none_p5,2000,5,1399,0.7,2.0,none,0.1,0.8944271909999159,fuller,0.8293954879860077,0.8293253538270328,0.8293253538270328,0.01078577726521502,,400,20260823
a0.7_k2.0_none_p5,2000,5,1399,0.7,2.0,none,0.1,0.8944271909999159,bekker,12.726493587475797,2.1787551347410785,0.5459857702035984,12.714776386975815,,400,20260823
a0.7_k2.0_none_p5,2000,5,1399,0.7,2.0,none,0.1,0.8944271909999159,jive,0.8161831224727436,0.8160814287112862,0.8160814287112862,0.012883754185155787,,400,20260823
a0.7_k2.0_none_p5,2000,5,1399,0.7,2.0,none,0.1,0.8944271909999159,whiten,0.8161707207304251,0.816069227542842,0.816069227542842,0.012870945390714194,0.05,400,20260823
a0.7_k2.0_none_p5,2000,5,1399,0.7,2.0,none,0.1,0.8944271909999159,pca_l,0.3990081665013227,0.3617504430222334,-0.2601856325996735,0.30250777431903303,0.0007147962830593281,400,20260823
a0.7_k2.0_none_p5,2000,5,1399,0.7,2.0,none,0.1,0.8944271909999159,trunc_k1,0.3084216281305509,0.3021315478996394,-0.3021315478996394,0.06197119058455892,0.2,400,20260823
a0.7_k2.0_none_p5,2000,5,1399,0.7,2.0,none,0.1,0.8944271909999159,trunc_k2,0.2826428044270058,0.2387852761574558,-0.017008455311891723,0.2821305856199679,0.4,400,20260823
a0.7_k2.0_none_p5,2000,5,1399,0.7,2.0,none,0.1,0.8944271909999159,trunc_k5,0.8161707207304251,0.816069227542842,0.816069227542842,0.012870945390714194,1.0,400,20260823
a0.9_k0.5_none_p1,1000,1,899,0.9,0.5,none,F>10,,0,400,20260823
a0.9_k0.5_none_p1,1000,1,899,0.9,0.5,none,KP_rk>10,0.94,400,400,20260823
a0.9_k0.5_none_p1,1000,1,899,0.9,0.5,none,spectral_env,,0,400,20260823
a0.9_k0.5_none_p1,1000,1,899,0.9,0.5,none,0.1,0.4472135954999579,tsls,0.39883638780219516,0.3977910535364016,0.3977910535364016,0.028857268781066387,,400,20260823
a0.9_k0.5_none_p1,1000,1,899,0.9,0.5,none,0.1,0.4472135954999579,liml,0.4032262322075212,0.40227257282449025,0.40227257282449025,0.027715906866616655,,400,20260823
a0.9_k0.5_none_p1,1000,1,899,0.9,0.5,none,0.1,0.4472135954999579,fuller,0.40327007284109834,0.4023165621838942,0.4023165621838942,0.027715256480818396,,400,20260823
a0.9_k0.5_none_p1,1000,1,899,0.9,0.5,none,0.1,0.4472135954999579,bekker,28.597102392767933,3.4290166845397465,1.466597413069203,28.559470535891105,,400,20260823
a0.9_k0.5_none_p1,1000,1,899,0.9,0.5,none,0.1,0.4472135954999579,jive,0.39877703891024535,0.3977345405349814,0.3977345405349814,0.028816002974919524,,400,20260823
a0.9_k0.5_none_p1,1000,1,899,0.9,0.5,none,0.1,0.4472135954999579,whiten,0.3988363878021951,0.3977910535364016,0.3977910535364016,0.028857268781065426,0.05,400,20260823
a0.9_k0.5_none_p1,1000,1,899,0.9,0.5,none,0.1,0.4472135954999579,pca_l,51.974529490219105,5.9288289322628085,-1.6948971156752433,51.94688671611544,0.0011123470522803114,400,20260823
a0.9_k0.5_none_p1,1000,1,899,0.9,0.5,none,0.1,0.4472135954999579,trunc_k1,0.39883638780219516,0.3977910535364016,0.3977910535364016,0.028857268781066387,1.0,400,20260823
a0.9_k0.5_none_p5,2000,5,1799,0.9,0.5,none,F>10,,0,400,20260823
a0.9_k0.5_none_p5,2000,5,1799,0.9,0.5,none,KP_rk>10,0.1225,400,400,20260823
a0.9_k0.5_none_p5,2000,5,1799,0.9,0.5,none,spectral_env,,0,400,20260823
a0.9_k0.5_none_p5,2000,5,1799,0.9,0.5,none,0.1,0.4472135954999579,tsls,0.412734575034787,0.4122459558669203,0.4122459558669203,0.02007738281040154,,400,20260823
a0.9_k0.5_none_p5,2000,5,1799,0.9,0.5,none,0.1,0.4472135954999579,liml,0.41480368529829476,0.41436028607978864,0.41436028607978864,0.019174218547895455,,400,20260823
a0.9_k0.5_none_p5,2000,5,1799,0.9,0.5,none,0.1,0.4472135954999579,fuller,0.41481407545829335,0.41437068191781795,0.41437068191781795,0.019174336110573103,,400,20260823
a0.9_k0.5_none_p5,2000,5,1799,0.9,0.5,none,0.1,0.4472135954999579,bekker,4.828596090177407,1.5975581568776926,0.17070001307237326,4.825577862558394,,400,20260823
a0.9_k0.5_none_p5,2000,5,1799,0.9,0.5,none,0.1,0.4472135954999579,jive,0.4127991850208125,0.4123083830264973,0.4123083830264973,0.020123728280866202,,400,20260823
a0.9_k0.5_none_p5,2000,5,1799,0.9,0.5,none,0.1,0.4472135954999579,whiten,0.41273457503478694,0.41224595586692026,0.41224595586692026,0.02007738281040154,0.05,400,20260823
a0.9_k0.5_none_p5,2000,5,1799,0.9,0.5,none,0.1,0.4472135954999579,pca_l,0.4106124450207981,0.3748907718324399,-0.3408141243430674,0.2290159659373689,0.0005558643690939411,400,20260823
a0.9_k0.5_none_p5,2000,5,1799,0.9,0.5,none,0.1,0.4472135954999579,trunc_k1,0.35198118838299386,0.3417481788923762,-0.3417481788923762,0.08425520280225465,0.2,400,20260823
a0.9_k0.5_none_p5,2000,5,1799,0.9,0.5,none,0.1,0.4472135954999579,trunc_k2,0.2459362740150258,0.2159963025631294,-0.15142940019294207,0.19378799661898477,0.4,400,20260823
a0.9_k0.5_none_p5,2000,5,1799,0.9,0.5,none,0.1,0.4472135954999579,trunc_k5,0.41273457503478694,0.4122459558669203,0.4122459558669203,0.020077382810400154,1.0,400,20260823
a0.9_k2.0_none_p1,1000,1,899,0.9,2.0,none,F>10,,0,400,20260823
a0.9_k2.0_none_p1,1000,1,899,0.9,2.0,none,KP_rk>10,0.95,400,400,20260823
a0.9_k2.0_none_p1,1000,1,899,0.9,2.0,none,spectral_env,,0,400,20260823
a0.9_k2.0_none_p1,1000,1,899,0.9,2.0,none,0.1,0.8944271909999159,tsls,0.798276260453802,0.7981053001514435,0.7981053001514435,0.01652022621759186,,400,20260823
a0.9_k2.0_none_p1,1000,1,899,0.9,2.0,none,0.1,0.8944271909999159,liml,0.8065274315164315,0.8063688782310616,0.8063688782310616,0.01599156055147082,,400,20260823
a0.9_k2.0_none_p1,1000,1,899,0.9,2.0,none,0.1,0.8944271909999159,fuller,0.8066068753042062,0.8064483359617847,0.8064483359617847,0.0159916450837208,,400,20260823
a0.9_k2.0_none_p1,1000,1,899,0.9,2.0,none,0.1,0.8944271909999159,bekker,8.57035716447068,2.331652201776237,1.0235052893600605,8.509022202888291,,400,20260823
a0.9_k2.0_none_p1,1000,1,899,0.9,2.0,none,0.1,0.8944271909999159,jive,0.798325177562552,0.7981531665931447,0.7981531665931447,0.01657141477411923,,400,20260823
a0.9_k2.0_none_p1,1000,1,899,0.9,2.0,none,0.1,0.8944271909999159,whiten,0.798276260453802,0.7981053001514435,0.7981053001514435,0.01652022621759186,0.05,400,20260823
a0.9_k2.0_none_p1,1000,1,899,0.9,2.0,none,0.1,0.8944271909999159,pca_l,11.808623344811615,2.6349283510744463,-0.17808108175406204,11.8072804840044,0.0011123470522803114,400,20260823
a0.9_k2.0_none_p1,1000,1,899,0.9,2.0,none,0.1,0.8944271909999159,trunc_k1,0.798276260453802,0.7981053001514435,0.7981053001514435,0.01652022621759186,1.0,400,20260823
a0.9_k2.0_none_p5,2000,5,1799,0.9,2.0,none,F>10,,0,400,20260823
a0.9_k2.0_none_p5,2000,5,1799,0.9,2.0,none,KP_rk>10,0.0375,400,400,20260823
a0.9_k2.0_none_p5,2000,5,1799,0.9,2.0,none,spectral_env,,0,400,20260823
a0.9_k2.0_none_p5,2000,5,1799,0.9,2.0,none,0.1,0.8944271909999159,tsls,0.8261152925313565,0.8260397257124549,0.8260397257124549,0.011173544605942751,,400,20260823
a0.9_k2.0_none_p5,2000,5,1799,0.9,2.0,none,0.1,0.8944271909999159,liml,0.8303555930318409,0.8302880457393251,0.8302880457393251,0.01059112749581473,,400,20260823
a0.9_k2.0_none_p5,2000,5,1799,0.9,2.0,none,0.1,0.8944271909999159,fuller,0.8303763670398346,0.8303088289795789,0.8303088289795789,0.010590536192021405,,400,20260823
a0.9_k2.0_none_p5,2000,5,1799,0.9,2.0,none,0.1,0.8944271909999159,bekker,14.142784139250104,2.4827613931855734,1.4167555945245913,14.071643358002206,,400,20260823
a0.9_k2.0_none_p5,2000,5,1799,0.9,2.0,none,0.1,0.8944271909999159,jive,0.8261498461906251,0.8260740706031637,0.8260740706031637,0.011189201844318684,,400,20260823
a0.9_k2.0_none_p5,2000,5,1799,0.9,2.0,none,0.1,0.8944271909999159,whiten,0.8261152925313564,0.8260397257124549,0.8260397257124549,0.011173544605937783,0.05,400,20260823
a0.9_k2.0_none_p5,2000,5,1799,0.9,2.0,none,0.1,0.8944271909999159,pca_l,0.3871090751958218,0.3465908657925577,-0.26634331804977485,0.28091755557316256,0.0005558643690939411,400,20260823
a0.9_k2.0_none_p5,2000,5,1799,0.9,2.0,none,0.1,0.8944271909999159,trunc_k1,0.3024622249533915,0.2809478396819844,-0.2756780651791646,0.12443874759426128,0.2,400,20260823
a0.9_k2.0_none_p5,2000,5,1799,0.9,2.0,none,0.1,0.8944271909999159,trunc_k2,0.288127883826244,0.23453570753061384,-0.015172847251844358,0.2877281045439631,0.4,400,20260823
a0.9_k2.0_none_p5,2000,5,1799,0.9,2.0,none,0.1,0.8944271909999159,trunc_k5,0.8261152925313564,0.8260397257124549,0.8260397257124549,0.011173544605937783,1.0,400,20260823
a0.1_k0.5_none_p1,1000,1,100,0.1,0.5,none,F>10,,0,400,20260823
a0.1_k0.5_none_p1,1000,1,100,0.1,0.5,none,KP_rk>10,0.9525,400,400,20260823
a0.1_k0.5_none_p1,1000,1,100,0.1,0.5,none,spectral_env,,0,400,20260823
a0.1_k0.5_none_p1,1000,1,100,0.1,0.5,none,0.18,0.4472135954999579,tsls,0.14749000583787944,0.13742361595110103,0.13705570268608697,0.05448886292886507,,400,20260823
a0.1_k0.5_none_p1,1000,1,100,0.1,0.5,none,0.18,0.4472135954999579,liml,0.2803365791366938,0.27868298177100864,0.27868298177100864,0.030403836489552548,,400,20260823
a0.1_k0.5_none_p1,1000,1,100,0.1,0.5,none,0.18,0.4472135954999579,fuller,0.28062002197666186,0.27897106589397147,0.27897106589397147,0.030376654328013532,,400,20260823
a0.1_k0.5_none_p1,1000,1,100,0.1,0.5,none,0.18,0.4472135954999579,bekker,0.08825336448624418,0.07081937055996428,-0.006874625923122562,0.08798520251473538,,400,20260823
a0.1_k0.5_none_p1,1000,1,100,0.1,0.5,none,0.18,0.4472135954999579,jive,0.14749835495192926,0.13741420433910143,0.13704510881764623,0.054538086349676926,,400,20260823
a0.1_k0.5_none_p1,1000,1,100,0.1,0.5,none,0.18,0.4472135954999579,whiten,0.14749000583787944,0.13742361595110103,0.13705570268608697,0.05448886292886507,0.05,400,20260823
a0.1_k0.5_none_p1,1000,1,100,0.1,0.5,none,0.18,0.4472135954999579,pca_l,2.744832401984485,1.1760091465166913,0.033825317926654226,2.744623974764317,0.01,400,20260823
a0.1_k0.5_none_p1,1000,1,100,0.1,0.5,none,0.18,0.4472135954999579,trunc_k1,0.1474900058378794,0.137423615951101,0.13705570268608694,0.05448886292886507,1.0,400,20260823
a0.1_k0.5_none_p5,2000,5,200,0.1,0.5,none,F>10,0.0,400,400,20260823
a0.1_k0.5_none_p5,2000,5,200,0.1,0.5,none,KP_rk>10,0.0,400,400,20260823
a0.1_k0.5_none_p5,2000,5,200,0.1,0.5,none,spectral_env,0.0,400,400,20260823
a0.1_k0.5_none_p5,2000,5,200,0.1,0.5,none,0.18,0.4472135954999579,tsls,0.3706668554547963,0.3663896831398429,0.3663896831398429,0.05614728685726818,,400,20260823
a0.1_k0.5_none_p5,2000,5,200,0.1,0.5,none,0.18,0.4472135954999579,liml,0.3919625109493188,0.3914740192671644,0.3914740192671644,0.01956277660524229,,400,20260823
a0.1_k0.5_none_p5,2000,5,200,0.1,0.5,none,0.18,0.4472135954999579,fuller,0.39197892830373093,0.39149053459695393,0.39149053459695393,0.019561225808538973,,400,20260823
a0.1_k0.5_none_p5,2000,5,200,0.1,0.5,none,0.18,0.4472135954999579,bekker,12.888602048290787,2.281194973527568,-0.20727085053837982,12.886935304940527,,400,20260823
a0.1_k0.5_none_p5,2000,5,200,0.1,0.5,none,0.18,0.4472135954999579,jive,0.37064874665897696,0.366371369517137,0.366371369517137,0.05614724390393486,,400,20260823
a0.1_k0.5_none_p5,2000,5,200,0.1,0.5,none,0.18,0.4472135954999579,whiten,0.3706668554547963,0.3663896831398429,0.3663896831398429,0.05614728685726818,0.05,400,20260823
a0.1_k0.5_none_p5,2000,5,200,0.1,0.5,none,0.18,0.4472135954999579,pca_l,0.41483847322116596,0.38711251241792183,-0.37028306924673177,0.18703317217458526,0.005,400,20260823
a0.1_k0.5_none_p5,2000,5,200,0.1,0.5,none,0.18,0.4472135954999579,trunc_k1,0.392822087687803,0.39255611587601036,-0.39255611587601036,0.01445297421793656,0.2,400,20260823
a0.1_k0.5_none_p5,2000,5,200,0.1,0.5,none,0.18,0.4472135954999579,trunc_k2,0.27864286183670367,0.25247580297477795,-0.2017001796723286,0.19224692968341184,0.4,400,20260823
a0.1_k0.5_none_p5,2000,5,200,0.1,0.5,none,0.18,0.4472135954999579,trunc_k5,0.3706668554547964,0.36638968313984294,0.36638968313984294,0.05614728685726868,1.0,400,20260823
a0.1_k2.0_none_p1,1000,1,100,0.1,2.0,none,F>10,,0,400,20260823
a0.1_k2.0_none_p1,1000,1,100,0.1,2.0,none,KP_rk>10,0.85,400,400,20260823
a0.1_k2.0_none_p1,1000,1,100,0.1,2.0,none,spectral_env,,0,400,20260823
a0.1_k2.0_none_p1,1000,1,100,0.1,2.0,none,0.18,0.8944271909999159,tsls,0.2804156298515655,0.27748629551800136,0.27748629551800136,0.040426244751975184,,400,20260823
a0.1_k2.0_none_p1,1000,1,100,0.1,2.0,none,0.18,0.8944271909999159,liml,0.6577263668036805,0.6575096851000767,0.6575096851000767,0.016881575411307047,,400,20260823
a0.1_k2.0_none_p1,1000,1,100,0.1,2.0,none,0.18,0.8944271909999159,fuller,0.6580089997364075,0.6577925021470318,0.6577925021470318,0.016878028713527407,,400,20260823
a0.1_k2.0_none_p1,1000,1,100,0.1,2.0,none,0.18,0.8944271909999159,bekker,0.09605896524516347,0.07528258797646888,-0.008628787095235058,0.09567062682577464,,400,20260823
a0.1_k2.0_none_p1,1000,1,100,0.1,2.0,none,0.18,0.8944271909999159,jive,0.28040571727203945,0.27747684541818957,0.27747684541818957,0.04042235193079506,,400,20260823
a0.1_k2.0_none_p1,1000,1,100,0.1,2.0,none,0.18,0.8944271909999159,whiten,0.2804156298515655,0.27748629551800136,0.27748629551800136,0.040426244751975184,0.05,400,20260823
a0.1_k2.0_none_p1,1000,1,100,0.1,2.0,none,0.18,0.8944271909999159,pca_l,3.1070440505257038,1.3575281160656238,0.22449410633244418,3.0989232207541333,0.01,400,20260823
a0.1_k2.0_none_p1,1000,1,100,0.1,2.0,none,0.18,0.8944271909999159,trunc_k1,0.2804156298515655,0.27748629551800136,0.27748629551800136,0.040426244751975184,1.0,400,20260823
a0.1_k2.0_none_p5,2000,5,200,0.1,2.0,none,F>10,0.0,400,400,20260823
a0.1_k2.0_none_p5,2000,5,200,0.1,2.0,none,KP_rk>10,0.0,400,400,20260823
a0.1_k2.0_none_p5,2000,5,200,0.1,2.0,none,spectral_env,0.0,400,400,20260823
a0.1_k2.0_none_p5,2000,5,200,0.1,2.0,none,0.18,0.8944271909999159,tsls,0.7293281978622805,0.7282847508734812,0.7282847508734812,0.0389992543799662,,400,20260823
a0.1_k2.0_none_p5,2000,5,200,0.1,2.0,none,0.18,0.8944271909999159,liml,0.7867638967471756,0.7866871809966841,0.7866871809966841,0.010986741113304551,,400,20260823
a0.1_k2.0_none_p5,2000,5,200,0.1,2.0,none,0.18,0.8944271909999159,fuller,0.7867934377143038,0.7867167427740642,0.7867167427740642,0.010985457171134099,,400,20260823
a0.1_k2.0_none_p5,2000,5,200,0.1,2.0,none,0.18,0.8944271909999159,bekker,9.7225340784084,1.8606665083712426,1.345172196287058,9.62902802302231,,400,20260823
a0.1_k2.0_none_p5,2000,5,200,0.1,2.0,none,0.18,0.8944271909999159,jive,0.7293461691432429,0.7283032955114868,0.7283032955114868,0.03898902654634837,,400,20260823
a0.1_k2.0_none_p5,2000,5,200,0.1,2.0,none,0.18,0.8944271909999159,whiten,0.7293281978622805,0.7282847508734812,0.7282847508734812,0.0389992543799662,0.05,400,20260823
a0.1_k2.0_none_p5,2000,5,200,0.1,2.0,none,0.18,0.8944271909999159,pca_l,0.3989753909746693,0.3668323554997467,-0.3252075012395184,0.23113079358003955,0.005,400,20260823
a0.1_k2.0_none_p5,2000,5,200,0.1,2.0,none,0.18,0.8944271909999159,trunc_k1,0.38509735309512017,0.3846970388535892,-0.3846970388535892,0.017554476869099035,0.2,400,20260823
a0.1_k2.0_none_p5,2000,5,200,0.1,2.0,none,0.18,0.8944271909999159,trunc_k2,0.3095552169953607,0.2737766318198524,-0.10969435368623916,0.2894677549199619,0.4,400,20260823
a0.1_k2.0_none_p5,2000,5,200,0.1,2.0,none,0.18,0.8944271909999159,trunc_k5,0.7293281978622805,0.7282847508734812,0.7282847508734812,0.0389992543799662,1.0,400,20260823
a0.3_k0.5_none_p1,1000,1,300,0.3,0.5,none,F>10,,0,400,20260823
a0.3_k0.5_none_p1,1000,1,300,0.3,0.5,none,KP_rk>10,0.9325,400,400,20260823
a0.3_k0.5_none_p1,1000,1,300,0.3,0.5,none,spectral_env,,0,400,20260823
a0.3_k0.5_none_p1,1000,1,300,0.3,0.5,none,0.18,0.4472135954999579,tsls,0.2606776969325826,0.25750025296233875,0.25750025296233875,0.04057685796617245,,400,20260823
a0.3_k0.5_none_p1,1000,1,300,0.3,0.5,none,0.18,0.4472135954999579,liml,0.3318630252241174,0.3306696674601423,0.3306696674601423,0.02811829533777076,,400,20260823
a0.3_k0.5_none_p1,1000,1,300,0.3,0.5,none,0.18,0.4472135954999579,fuller,0.33200354819485045,0.33081164937630336,0.33081164937630336,0.028107092537295996,,400,20260823
a0.3_k0.5_none_p1,1000,1,300,0.3,0.5,none,0.18,0.4472135954999579,bekker,0.13534836788267057,0.10422664175801362,-0.01519485189565154,0.13449274019207114,,400,20260823
a0.3_k0.5_none_p1,1000,1,300,0.3,0.5,none,0.18,0.4472135954999579,jive,0.2607000322685047,0.257519605340174,0.257519605340174,0.04059753305609136,,400,20260823
a0.3_k0.5_none_p1,1000,1,300,0.3,0.5,none,0.18,0.4472135954999579,whiten,0.2606776969325826,0.25750025296233875,0.25750025296233875,0.04057685796617245,0.05,400,20260823
a0.3_k0.5_none_p1,1000,1,300,0.3,0.5,none,0.18,0.4472135954999579,pca_l,60.394742667845975,5.2301757502873265,-2.783651364862828,60.330557986763495,0.0033333333333333335,400,20260823
a0.3_k0.5_none_p1,1000,1,300,0.3,0.5,none,0.18,0.4472135954999579,trunc_k1,0.26067769693258264,0.2575002529623388,0.2575002529623388,0.04057685796617245,1.0,400,20260823
a0.3_k0.5_none_p5,2000,5,600,0.3,0.5,none,F>10,,0,400,20260823
a0.3_k0.5_none_p5,2000,5,600,0.3,0.5,none,KP_rk>10,0.0,400,400,20260823
a0.3_k0.5_none_p5,2000,5,600,0.3,0.5,none,spectral_env,,0,400,20260823
a0.3_k0.5_none_p5,2000,5,600,0.3,0.5,none,0.18,0.4472135954999579,tsls,0.37850213550414236,0.37677888582553615,0.37677888582553615,0.03607683158571086,,400,20260823
a0.3_k0.5_none_p5,2000,5,600,0.3,0.5,none,0.18,0.4472135954999579,liml,0.39511104322061613,0.39463018719482207,0.39463018719482207,0.01948722221003444,,400,20260823
a0.3_k0.5_none_p5,2000,5,600,0.3,0.5,none,0.18,0.4472135954999579,fuller,0.3951249990038191,0.3946442778553522,0.3946442778553522,0.01948483496967808,,400,20260823
a0.3_k0.5_none_p5,2000,5,600,0.3,0.5,none,0.18,0.4472135954999579,bekker,7.949830151567818,2.181866752211196,-0.33497229369508114,7.942769856997838,,400,20260823
a0.3_k0.5_none_p5,2000,5,600,0.3,0.5,none,0.18,0.4472135954999579,jive,0.37849807037431454,0.3767743920347755,0.3767743920347755,0.036081113950443396,,400,20260823
a0.3_k0.5_none_p5,2000,5,600,0.3,0.5,none,0.18,0.4472135954999579,whiten,0.37850213550414236,0.37677888582553615,0.37677888582553615,0.03607683158571086,0.05,400,20260823
a0.3_k0.5_none_p5,2000,5,600,0.3,0.5,none,0.18,0.4472135954999579,pca_l,0.4152503204585863,0.38637214408602816,-0.35973840783433675,0.20741529974853593,0.0016666666666666668,400,20260823
a0.3_k0.5_none_p5,2000,5,600,0.3,0.5,none,0.18,0.4472135954999579,trunc_k1,0.381043781481217,0.3806986915245251,-0.3806986915245251,0.01621325621273788,0.2,400,20260823
a0.3_k0.5_none_p5,2000,5,600,0.3,0.5,none,0.18,0.4472135954999579,trunc_k2,0.26591080921214433,0.23780664463608533,-0.19321143151311432,0.18269619916273727,0.4,400,20260823
a0.3_k0.5_none_p5,2000,5,600,0.3,0.5,none,0.18,0.4472135954999579,trunc_k5,0.37850213550414225,0.3767788858255361,0.3767788858255361,0.036076831585710095,1.0,400,20260823
a0.3_k2.0_none_p1,1000,1,300,0.3,2.0,none,F>10,,0,400,20260823
a0.3_k2.0_none_p1,1000,1,300,0.3,2.0,none,KP_rk>10,0.9175,400,400,20260823
a0.3_k2.0_none_p1,1000,1,300,0.3,2.0,none,spectral_env,,0,400,20260823
a0.3_k2.0_none_p1,1000,1,300,0.3,2.0,none,0.18,0.8944271909999159,tsls,0.5166075395175289,0.5158808954969759,0.5158808954969759,0.027390720099943523,,400,20260823
a0.3_k2.0_none_p1,1000,1,300,0.3,2.0,none,0.18,0.8944271909999159,liml,0.6958586610069949,0.6956622269077468,0.6956622269077468,0.01653306239637494,,400,20260823
a0.3_k2.0_none_p1,1000,1,300,0.3,2.0,none,0.18,0.8944271909999159,fuller,0.6960602746172196,0.6958639865614485,0.6958639865614485,0.016529310542408204,,400,20260823
a0.3_k2.0_none_p1,1000,1,300,0.3,2.0,none,0.18,0.8944271909999159,bekker,0.16884519184305438,0.12229985304174398,-0.02722969445150545,0.16663505798179293,,400,20260823
a0.3_k2.0_none_p1,1000,1,300,0.3,2.0,none,0.18,0.8944271909999159,jive,0.5166112991730568,0.5158848553671188,0.5158848553671188,0.027387048693141996,,400,20260823
a0.3_k2.0_none_p1,1000,1,300,0.3,2.0,none,0.18,0.8944271909999159,whiten,0.5166075395175289,0.5158808954969759,0.5158808954969759,0.027390720099943523,0.05,400,20260823
a0.3_k2.0_none_p1,1000,1,300,0.3,2.0,none,0.18,0.8944271909999159,pca_l,8.104370656608314,2.4504881276627875,-0.27747586334692825,8.099619181477223,0.0033333333333333335,400,20260823
a0.3_k2.0_none_p1,1000,1,300,0.3,2.0,none,0.18,0.8944271909999159,trunc_k1,0.5166075395175289,0.5158808954969758,0.5158808954969758,0.02739072009994555,1.0,400,20260823
a0.3_k2.0_none_p5,2000,5,600,0.3,2.0,none,F>10,,0,400,20260823
a0.3_k2.0_none_p5,2000,5,600,0.3,2.0,none,KP_rk>10,0.0,400,400,20260823
a0.3_k2.0_none_p5,2000,5,600,0.3,2.0,none,spectral_env,,0,400,20260823
a0.3_k2.0_none_p5,2000,5,600,0.3,2.0,none,0.18,0.8944271909999159,tsls,0.75497136698175,0.7546652376953442,0.7546652376953442,0.021497534196321222,,400,20260823
a0.3_k2.0_none_p5,2000,5,600,0.3,2.0,none,0.18,0.8944271909999159,liml,0.7935723891683759,0.7934857391940155,0.7934857391940155,0.011726830182576062,,400,20260823
a0.3_k2.0_none_p5,2000,5,600,0.3,2.0,none,0.18,0.8944271909999159,fuller,0.7935985577957155,0.7935119336990937,0.7935119336990937,0.011725272387659257,,400,20260823
a0.3_k2.0_none_p5,2000,5,600,0.3,2.0,none,0.18,0.8944271909999159,bekker,4.107584239431898,1.5176916605564565,0.7936130708143938,4.030189397269299,,400,20260823
a0.3_k2.0_none_p5,2000,5,600,0.3,2.0,none,0.18,0.8944271909999159,jive,0.7549671935768655,0.7546598321425532,0.7546598321425532,0.021540685409285193,,400,20260823
a0.3_k2.0_none_p5,2000,5,600,0.3,2.0,none,0.18,0.8944271909999159,whiten,0.75497136698175,0.7546652376953442,0.7546652376953442,0.021497534196321222,0.05,400,20260823
a0.3_k2.0_none_p5,2000,5,600,0.3,2.0,none,0.18,0.8944271909999159,pca_l,0.3926559563268734,0.36245286107185004,-0.30616274795283316,0.2458517272767093,0.0016666666666666668,400,20260823
a0.3_k2.0_none_p5,2000,5,600,0.3,2.0,none,0.18,0.8944271909999159,trunc_k1,0.3603291108783401,0.3598464901491056,-0.3598464901491056,0.01864327422275318,0.2,400,20260823
a0.3_k2.0_none_p5,2000,5,600,0.3,2.0,none,0.18,0.8944271909999159,trunc_k2,0.28332419174604095,0.24695422123715788,-0.07922210019525852,0.27202289695759035,0.4,400,20260823
a0.3_k2.0_none_p5,2000,5,600,0.3,2.0,none,0.18,0.8944271909999159,trunc_k5,0.75497136698175,0.7546652376953442,0.7546652376953442,0.021497534196321222,1.0,400,20260823
a0.5_k0.5_none_p1,1000,1,500,0.5,0.5,none,F>10,,0,400,20260823
a0.5_k0.5_none_p1,1000,1,500,0.5,0.5,none,KP_rk>10,0.9475,400,400,20260823
a0.5_k0.5_none_p1,1000,1,500,0.5,0.5,none,spectral_env,,0,400,20260823
a0.5_k0.5_none_p1,1000,1,500,0.5,0.5,none,0.18,0.4472135954999579,tsls,0.31030467630709396,0.3081745739375857,0.3081745739375857,0.03629633750721825,,400,20260823
a0.5_k0.5_none_p1,1000,1,500,0.5,0.5,none,0.18,0.4472135954999579,liml,0.3504235445059517,0.3492690926764187,0.3492690926764187,0.028421144331394473,,400,20260823
a0.5_k0.5_none_p1,1000,1,500,0.5,0.5,none,0.18,0.4472135954999579,fuller,0.3505162112025608,0.3493627402197486,0.3493627402197486,0.028412850296066255,,400,20260823
a0.5_k0.5_none_p1,1000,1,500,0.5,0.5,none,0.18,0.4472135954999579,bekker,0.22286584481932903,0.15944849657002794,-0.0359543661542967,0.21994651245581506,,400,20260823
a0.5_k0.5_none_p1,1000,1,500,0.5,0.5,none,0.18,0.4472135954999579,jive,0.310383677408248,0.3082538001113248,0.3082538001113248,0.03629906222472947,,400,20260823
a0.5_k0.5_none_p1,1000,1,500,0.5,0.5,none,0.18,0.4472135954999579,whiten,0.31030467630709396,0.3081745739375857,0.3081745739375857,0.03629633750721825,0.05,400,20260823
a0.5_k0.5_none_p1,1000,1,500,0.5,0.5,none,0.18,0.4472135954999579,pca_l,6.9552055459523325,1.8601494308616784,-0.09106927170928078,6.954609304209433,0.002,400,20260823
a0.5_k0.5_none_p1,1000,1,500,0.5,0.5,none,0.18,0.4472135954999579,trunc_k1,0.31030467630709396,0.3081745739375857,0.3081745739375857,0.03629633750721825,1.0,400,20260823
a0.5_k0.5_none_p5,2000,5,1000,0.5,0.5,none,F>10,,0,400,20260823
a0.5_k0.5_none_p5,2000,5,1000,0.5,0.5,none,KP_rk>10,0.0,400,400,20260823
a0.5_k0.5_none_p5,2000,5,1000,0.5,0.5,none,spectral_env,,0,400,20260823
a0.5_k0.5_none_p5,2000,5,1000,0.5,0.5,none,0.18,0.4472135954999579,tsls,0.38555379663024564,0.3846005352161835,0.3846005352161835,0.02709535767289344,,400,20260823
a0.5_k0.5_none_p5,2000,5,1000,0.5,0.5,none,0.18,0.4472135954999579,liml,0.39650720584408955,0.396027189440632,0.396027189440632,0.019504602278462308,,400,20260823
a0.5_k0.5_none_p5,2000,5,1000,0.5,0.5,none,0.18,0.4472135954999579,fuller,0.396519152354747,0.39603924393720447,0.39603924393720447,0.0195027035503934,,400,20260823
a0.5_k0.5_none_p5,2000,5,1000,0.5,0.5,none,0.18,0.4472135954999579,bekker,17.8987966034919,3.1319866969842485,-0.6921506884175179,17.885408781397654,,400,20260823
a0.5_k0.5_none_p5,2000,5,1000,0.5,0.5,none,0.18,0.4472135954999579,jive,0.3855349616086376,0.3845817806637609,0.3845817806637609,0.027093552813622086,,400,20260823
a0.5_k0.5_none_p5,2000,5,1000,0.5,0.5,none,0.18,0.4472135954999579,whiten,0.38555379663024564,0.38460053521618354,0.38460053521618354,0.027095357672892412,0.05,400,20260823
a0.5_k0.5_none_p5,2000,5,1000,0.5,0.5,none,0.18,0.4472135954999579,pca_l,0.43313149284714136,0.3972158111417463,-0.3404878487096218,0.26771424126685334,0.001,400,20260823
a0.5_k0.5_none_p5,2000,5,1000,0.5,0.5,none,0.18,0.4472135954999579,trunc_k1,0.3732444177827518,0.3727782462004724,-0.3727782462004724,0.018648714853451827,0.2,400,20260823
a0.5_k0.5_none_p5,2000,5,1000,0.5,0.5,none,0.18,0.4472135954999579,trunc_k2,0.2619677600673069,0.237324743234713,-0.18441185421019923,0.18606282632873847,0.4,400,20260823
a0.5_k0.5_none_p5,2000,5,1000,0.5,0.5,none,0.18,0.4472135954999579,trunc_k5,0.38555379663024564,0.38460053521618354,0.38460053521618354,0.027095357672892412,1.0,400,20260823
a0.5_k2.0_none_p1,1000,1,500,0.5,2.0,none,F>10,,0,400,20260823
a0.5_k2.0_none_p1,1000,1,500,0.5,2.0,none,KP_rk>10,0.905,400,400,20260823
a0.5_k2.0_none_p1,1000,1,500,0.5,2.0,none,spectral_env,,0,400,20260823
a0.5_k2.0_none_p1,1000,1,500,0.5,2.0,none,0.18,0.8944271909999159,tsls,0.6225671567116501,0.6220758019720809,0.6220758019720809,0.02472976378416614,,400,20260823
a0.5_k2.0_none_p1,1000,1,500,0.5,2.0,none,0.18,0.8944271909999159,liml,0.7170003043097509,0.7167797369066936,0.7167797369066936,0.017783282606043754,,400,20260823
a0.5_k2.0_none_p1,1000,1,500,0.5,2.0,none,0.18,0.8944271909999159,fuller,0.7171617020265041,0.7169413159996748,0.7169413159996748,0.017777971374897554,,400,20260823
a0.5_k2.0_none_p1,1000,1,500,0.5,2.0,none,0.18,0.8944271909999159,bekker,0.41252632960703894,0.2189404596607155,-0.07599005556504126,0.4054669950492608,,400,20260823
a0.5_k2.0_none_p1,1000,1,500,0.5,2.0,none,0.18,0.8944271909999159,jive,0.6225771083155652,0.6220853588257154,0.6220853588257154,0.02473988951575955,,400,20260823
a0.5_k2.0_none_p1,1000,1,500,0.5,2.0,none,0.18,0.8944271909999159,whiten,0.6225671567116501,0.6220758019720809,0.6220758019720809,0.02472976378416614,0.05,400,20260823
a0.5_k2.0_none_p1,1000,1,500,0.5,2.0,none,0.18,0.8944271909999159,pca_l,3.833624809579118,1.624266412557239,0.20971090480579171,3.827884600797948,0.002,400,20260823
a0.5_k2.0_none_p1,1000,1,500,0.5,2.0,none,0.18,0.8944271909999159,trunc_k1,0.6225671567116501,0.6220758019720808,0.6220758019720808,0.02472976378416951,1.0,400,20260823
a0.5_k2.0_none_p5,2000,5,1000,0.5,2.0,none,F>10,,0,400,20260823
a0.5_k2.0_none_p5,2000,5,1000,0.5,2.0,none,KP_rk>10,0.0,400,400,20260823
a0.5_k2.0_none_p5,2000,5,1000,0.5,2.0,none,spectral_env,,0,400,20260823
a0.5_k2.0_none_p5,2000,5,1000,0.5,2.0,none,0.18,0.8944271909999159,tsls,0.7711940746282394,0.7710322006281973,0.7710322006281973,0.01580020050966981,,400,20260823
a0.5_k2.0_none_p5,2000,5,1000,0.5,2.0,none,0.18,0.8944271909999159,liml,0.7972852974770517,0.7972072784629318,0.7972072784629318,0.011153507914385989,,400,20260823
a0.5_k2.0_none_p5,2000,5,1000,0.5,2.0,none,0.18,0.8944271909999159,fuller,0.7973099218602169,0.7972319241710991,0.7972319241710991,0.01115215580917037,,400,20260823
a0.5_k2.0_none_p5,2000,5,1000,0.5,2.0,none,0.18,0.8944271909999159,bekker,170.95272382786922,10.166916749551053,-8.25021808297043,170.75352905797044,,400,20260823
a0.5_k2.0_none_p5,2000,5,1000,0.5,2.0,none,0.18,0.8944271909999159,jive,0.7712389108570574,0.7710771135089811,0.7710771135089811,0.015796918770380187,,400,20260823
a0.5_k2.0_none_p5,2000,5,1000,0.5,2.0,none,0.18,0.8944271909999159,whiten,0.7711940746282393,0.7710322006281973,0.7710322006281973,0.015800200509666296,0.05,400,20260823
a0.5_k2.0_none_p5,2000,5,1000,0.5,2.0,none,0.18,0.8944271909999159,pca_l,0.39097678292233223,0.3576337575226332,-0.30953933722271854,0.2388477412411862,0.001,400,20260823
a0.5_k2.0_none_p5,2000,5,1000,0.5,2.0,none,0.18,0.8944271909999159,trunc_k1,0.34348000011401497,0.34261810710162893,-0.34261810710162893,0.02431754848705855,0.2,400,20260823
a0.5_k2.0_none_p5,2000,5,1000,0.5,2.0,none,0.18,0.8944271909999159,trunc_k2,0.2866861330852878,0.24673457714700534,-0.048284811111116405,0.28259072157337217,0.4,400,20260823
a0.5_k2.0_none_p5,2000,5,1000,0.5,2.0,none,0.18,0.8944271909999159,trunc_k5,0.7711940746282394,0.7710322006281974,0.7710322006281974,0.015800200509662785,1.0,400,20260823
a0.7_k0.5_none_p1,1000,1,699,0.7,0.5,none,F>10,,0,400,20260823
a0.7_k0.5_none_p1,1000,1,699,0.7,0.5,none,KP_rk>10,0.9525,400,400,20260823
a0.7_k0.5_none_p1,1000,1,699,0.7,0.5,none,spectral_env,,0,400,20260823
a0.7_k0.5_none_p1,1000,1,699,0.7,0.5,none,0.18,0.4472135954999579,tsls,0.3431431976551763,0.3418456144521171,0.3418456144521171,0.029813251699100565,,400,20260823
a0.7_k0.5_none_p1,1000,1,699,0.7,0.5,none,0.18,0.4472135954999579,liml,0.3646181779656821,0.3637031106679537,0.3637031106679537,0.025815944558896863,,400,20260823
a0.7_k0.5_none_p1,1000,1,699,0.7,0.5,none,0.18,0.4472135954999579,fuller,0.364692720514524,0.36377817681840613,0.36377817681840613,0.025811208165468745,,400,20260823
a0.7_k0.5_none_p1,1000,1,699,0.7,0.5,none,0.18,0.4472135954999579,bekker,1.5413378788237997,0.3846388421379865,-0.03147347741149569,1.5410165076716986,,400,20260823
a0.7_k0.5_none_p1,1000,1,699,0.7,0.5,none,0.18,0.4472135954999579,jive,0.34309478164367163,0.34179337900697815,0.34179337900697815,0.029854903418214424,,400,20260823
a0.7_k0.5_none_p1,1000,1,699,0.7,0.5,none,0.18,0.4472135954999579,whiten,0.34314319765517626,0.3418456144521171,0.3418456144521171,0.029813251699099867,0.05,400,20260823
a0.7_k0.5_none_p1,1000,1,699,0.7,0.5,none,0.18,0.4472135954999579,pca_l,7.072115783509791,2.168867388321754,-0.25168366090388505,7.067635884098892,0.001430615164520744,400,20260823
a0.7_k0.5_none_p1,1000,1,699,0.7,0.5,none,0.18,0.4472135954999579,trunc_k1,0.34314319765517626,0.341845614452117,0.341845614452117,0.02981325169910103,1.0,400,20260823
a0.7_k0.5_none_p5,2000,5,1399,0.7,0.5,none,F>10,,0,400,20260823
a0.7_k0.5_none_p5,2000,5,1399,0.7,0.5,none,KP_rk>10,0.0,400,400,20260823
a0.7_k0.5_none_p5,2000,5,1399,0.7,0.5,none,spectral_env,,0,400,20260823
a0.7_k0.5_none_p5,2000,5,1399,0.7,0.5,none,0.18,0.4472135954999579,tsls,0.39481698495157763,0.3941497244211568,0.3941497244211568,0.022944418601926246,,400,20260823
a0.7_k0.5_none_p5,2000,5,1399,0.7,0.5,none,0.18,0.4472135954999579,liml,0.4020732639215877,0.40160318217751106,0.40160318217751106,0.019436913990024018,,400,20260823
a0.7_k0.5_none_p5,2000,5,1399,0.7,0.5,none,0.18,0.4472135954999579,fuller,0.4020856158516223,0.4016155698781461,0.4016155698781461,0.019436473605834573,,400,20260823
a0.7_k0.5_none_p5,2000,5,1399,0.7,0.5,none,0.18,0.4472135954999579,bekker,49.08263868022441,4.596232330866506,3.057502718306718,48.98731567396818,,400,20260823
a0.7_k0.5_none_p5,2000,5,1399,0.7,0.5,none,0.18,0.4472135954999579,jive,0.39477297863296457,0.39410905365981436,0.39410905365981436,0.022885770297471828,,400,20260823
a0.7_k0.5_none_p5,2000,5,1399,0.7,0.5,none,0.18,0.4472135954999579,whiten,0.39481698495157763,0.3941497244211568,0.3941497244211568,0.022944418601926246,0.05,400,20260823
a0.7_k0.5_none_p5,2000,5,1399,0.7,0.5,none,0.18,0.4472135954999579,pca_l,0.444766736345639,0.399207717881459,-0.34795082285437823,0.27703370667576227,0.0007147962830593281,400,20260823
a0.7_k0.5_none_p5,2000,5,1399,0.7,0.5,none,0.18,0.4472135954999579,trunc_k1,0.36460501721274946,0.3637315495355301,-0.3637315495355301,0.025222578163057247,0.2,400,20260823
a0.7_k0.5_none_p5,2000,5,1399,0.7,0.5,none,0.18,0.4472135954999579,trunc_k2,0.2652753613316904,0.23986258341454175,-0.17797081159434516,0.19671656653700773,0.4,400,20260823
a0.7_k0.5_none_p5,2000,5,1399,0.7,0.5,none,0.18,0.4472135954999579,trunc_k5,0.39481698495157763,0.39414972442115676,0.39414972442115676,0.02294441860192685,1.0,400,20260823
a0.7_k2.0_none_p1,1000,1,699,0.7,2.0,none,F>10,,0,400,20260823
a0.7_k2.0_none_p1,1000,1,699,0.7,2.0,none,KP_rk>10,0.9325,400,400,20260823
a0.7_k2.0_none_p1,1000,1,699,0.7,2.0,none,spectral_env,,0,400,20260823
a0.7_k2.0_none_p1,1000,1,699,0.7,2.0,none,0.18,0.8944271909999159,tsls,0.682822887747827,0.6825266832974822,0.6825266832974822,0.020110261540314624,,400,20260823
a0.7_k2.0_none_p1,1000,1,699,0.7,2.0,none,0.18,0.8944271909999159,liml,0.728748598009092,0.7285550601249682,0.7285550601249682,0.01679414977071044,,400,20260823
a0.7_k2.0_none_p1,1000,1,699,0.7,2.0,none,0.18,0.8944271909999159,fuller,0.728887526024202,0.728694143205733,0.728694143205733,0.016789021750670582,,400,20260823
a0.7_k2.0_none_p1,1000,1,699,0.7,2.0,none,0.18,0.8944271909999159,bekker,54.04299023905526,2.9989296927857456,-2.75770308557515,53.972584407923534,,400,20260823
a0.7_k2.0_none_p1,1000,1,699,0.7,2.0,none,0.18,0.8944271909999159,jive,0.6828624722157333,0.6825646380645111,0.6825646380645111,0.020166081038370354,,400,20260823
a0.7_k2.0_none_p1,1000,1,699,0.7,2.0,none,0.18,0.8944271909999159,whiten,0.682822887747827,0.6825266832974822,0.6825266832974822,0.020110261540314624,0.05,400,20260823
a0.7_k2.0_none_p1,1000,1,699,0.7,2.0,none,0.18,0.8944271909999159,pca_l,135.0723784537043,9.049225986731892,-6.34649223887275,134.92319836633968,0.001430615164520744,400,20260823
a0.7_k2.0_none_p1,1000,1,699,0.7,2.0,none,0.18,0.8944271909999159,trunc_k1,0.682822887747827,0.6825266832974822,0.6825266832974822,0.020110261540314624,1.0,400,20260823
a0.7_k2.0_none_p5,2000,5,1399,0.7,2.0,none,F>10,,0,400,20260823
a0.7_k2.0_none_p5,2000,5,1399,0.7,2.0,none,KP_rk>10,0.0,400,400,20260823
a0.7_k2.0_none_p5,2000,5,1399,0.7,2.0,none,spectral_env,,0,400,20260823
a0.7_k2.0_none_p5,2000,5,1399,0.7,2.0,none,0.18,0.8944271909999159,tsls,0.7860676381371209,0.7859561381922837,0.7859561381922837,0.013239356643861125,,400,20260823
a0.7_k2.0_none_p5,2000,5,1399,0.7,2.0,none,0.18,0.8944271909999159,liml,0.8002025851411824,0.8001257088573598,0.8001257088573598,0.01109176686280213,,400,20260823
a0.7_k2.0_none_p5,2000,5,1399,0.7,2.0,none,0.18,0.8944271909999159,fuller,0.8002252608652339,0.800148399465848,0.800148399465848,0.011090850241225955,,400,20260823
a0.7_k2.0_none_p5,2000,5,1399,0.7,2.0,none,0.18,0.8944271909999159,bekker,2.8239155081436587,1.3032961413235744,0.6673138801086786,2.743937131668391,,400,20260823
a0.7_k2.0_none_p5,2000,5,1399,0.7,2.0,none,0.18,0.8944271909999159,jive,0.7860822356234668,0.7859704879862466,0.7859704879862466,0.013254175849479731,,400,20260823
a0.7_k2.0_none_p5,2000,5,1399,0.7,2.0,none,0.18,0.8944271909999159,whiten,0.7860676381371208,0.7859561381922836,0.7859561381922836,0.013239356643865318,0.05,400,20260823
a0.7_k2.0_none_p5,2000,5,1399,0.7,2.0,none,0.18,0.8944271909999159,pca_l,0.40285646028768696,0.3666479534121861,-0.2832493718990261,0.2864666139610895,0.0007147962830593281,400,20260823
a0.7_k2.0_none_p5,2000,5,1399,0.7,2.0,none,0.18,0.8944271909999159,trunc_k1,0.3332851035566722,0.3318193126613183,-0.3318193126613183,0.03122345268787514,0.2,400,20260823
a0.7_k2.0_none_p5,2000,5,1399,0.7,2.0,none,0.18,0.8944271909999159,trunc_k2,0.28338981232382915,0.24612021314016774,-0.04799336098763467,0.2792962997070418,0.4,400,20260823
a0.7_k2.0_none_p5,2000,5,1399,0.7,2.0,none,0.18,0.8944271909999159,trunc_k5,0.786067638137121,0.7859561381922837,0.7859561381922837,0.01323935664386951,1.0,400,20260823
a0.9_k0.5_none_p1,1000,1,899,0.9,0.5,none,F>10,,0,400,20260823
a0.9_k0.5_none_p1,1000,1,899,0.9,0.5,none,KP_rk>10,0.94,400,400,20260823
a0.9_k0.5_none_p1,1000,1,899,0.9,0.5,none,spectral_env,,0,400,20260823
a0.9_k0.5_none_p1,1000,1,899,0.9,0.5,none,0.18,0.4472135954999579,tsls,0.36014532487543216,0.35910725723790793,0.35910725723790793,0.027324582864109884,,400,20260823
a0.9_k0.5_none_p1,1000,1,899,0.9,0.5,none,0.18,0.4472135954999579,liml,0.3671319605739211,0.36617956237830723,0.36617956237830723,0.026427345142533,,400,20260823
a0.9_k0.5_none_p1,1000,1,899,0.9,0.5,none,0.18,0.4472135954999579,fuller,0.3672013130146325,0.36624906119719436,0.36624906119719436,0.026427815873504724,,400,20260823
a0.9_k0.5_none_p1,1000,1,899,0.9,0.5,none,0.18,0.4472135954999579,bekker,1.2057064728156024,0.5898290358031908,-0.10478815494783923,1.2011442632640212,,400,20260823
a0.9_k0.5_none_p1,1000,1,899,0.9,0.5,none,0.18,0.4472135954999579,jive,0.3600880709339629,0.35905209269197086,0.35905209269197086,0.02729493657180885,,400,20260823
a0.9_k0.5_none_p1,1000,1,899,0.9,0.5,none,0.18,0.4472135954999579,whiten,0.36014532487543216,0.35910725723790793,0.35910725723790793,0.027324582864109884,0.05,400,20260823
a0.9_k0.5_none_p1,1000,1,899,0.9,0.5,none,0.18,0.4472135954999579,pca_l,9.626854019977758,2.532615849979136,-0.01645545412686568,9.626839956080676,0.0011123470522803114,400,20260823
a0.9_k0.5_none_p1,1000,1,899,0.9,0.5,none,0.18,0.4472135954999579,trunc_k1,0.36014532487543216,0.3591072572379078,0.3591072572379078,0.02732458286411141,1.0,400,20260823
a0.9_k0.5_none_p5,2000,5,1799,0.9,0.5,none,F>10,,0,400,20260823
a0.9_k0.5_none_p5,2000,5,1799,0.9,0.5,none,KP_rk>10,0.0,400,400,20260823
a0.9_k0.5_none_p5,2000,5,1799,0.9,0.5,none,spectral_env,,0,400,20260823
a0.9_k0.5_none_p5,2000,5,1799,0.9,0.5,none,0.18,0.4472135954999579,tsls,0.39782345292798993,0.39732637551716754,0.39732637551716754,0.019880920952998767,,400,20260823
a0.9_k0.5_none_p5,2000,5,1799,0.9,0.5,none,0.18,0.4472135954999579,liml,0.4000597690169998,0.3996119908464575,0.3996119908464575,0.018922884496450586,,400,20260823
a0.9_k0.5_none_p5,2000,5,1799,0.9,0.5,none,0.18,0.4472135954999579,fuller,0.4000710033303779,0.3996232434438729,0.3996232434438729,0.01892276420542974,,400,20260823
a0.9_k0.5_none_p5,2000,5,1799,0.9,0.5,none,0.18,0.4472135954999579,bekker,85.67964968008326,6.12302828514379,-4.28937654823843,85.57221288554605,,400,20260823
a0.9_k0.5_none_p5,2000,5,1799,0.9,0.5,none,0.18,0.4472135954999579,jive,0.39788424087525914,0.39738499653634607,0.39738499653634607,0.019925703618428665,,400,20260823
a0.9_k0.5_none_p5,2000,5,1799,0.9,0.5,none,0.18,0.4472135954999579,whiten,0.3978234529279899,0.39732637551716754,0.39732637551716754,0.019880920952998066,0.05,400,20260823
a0.9_k0.5_none_p5,2000,5,1799,0.9,0.5,none,0.18,0.4472135954999579,pca_l,0.41357738128564964,0.3805390814290545,-0.3529251260776755,0.21561564343561085,0.0005558643690939411,400,20260823
a0.9_k0.5_none_p5,2000,5,1799,0.9,0.5,none,0.18,0.4472135954999579,trunc_k1,0.3604671665039441,0.35802814297602525,-0.35802814297602525,0.04186199905070187,0.2,400,20260823
a0.9_k0.5_none_p5,2000,5,1799,0.9,0.5,none,0.18,0.4472135954999579,trunc_k2,0.25193628591325773,0.22462799143582401,-0.1684224593264212,0.18736533124942498,0.4,400,20260823
a0.9_k0.5_none_p5,2000,5,1799,0.9,0.5,none,0.18,0.4472135954999579,trunc_k5,0.39782345292798993,0.39732637551716765,0.39732637551716765,0.01988092095299667,1.0,400,20260823
a0.9_k2.0_none_p1,1000,1,899,0.9,2.0,none,F>10,,0,400,20260823
a0.9_k2.0_none_p1,1000,1,899,0.9,2.0,none,KP_rk>10,0.9475,400,400,20260823
a0.9_k2.0_none_p1,1000,1,899,0.9,2.0,none,spectral_env,,0,400,20260823
a0.9_k2.0_none_p1,1000,1,899,0.9,2.0,none,0.18,0.8944271909999159,tsls,0.7211867258897456,0.7209765654948086,0.7209765654948086,0.017409354005277784,,400,20260823
a0.9_k2.0_none_p1,1000,1,899,0.9,2.0,none,0.18,0.8944271909999159,liml,0.7349473160017198,0.7347556876401451,0.7347556876401451,0.01678203737897393,,400,20260823
a0.9_k2.0_none_p1,1000,1,899,0.9,2.0,none,0.18,0.8944271909999159,fuller,0.7350786328826312,0.7348870639181888,0.7348870639181888,0.016780935799350864,,400,20260823
a0.9_k2.0_none_p1,1000,1,899,0.9,2.0,none,0.18,0.8944271909999159,bekker,22.346140393401868,2.8069933577504855,-1.5870659907179858,22.289710900384797,,400,20260823
a0.9_k2.0_none_p1,1000,1,899,0.9,2.0,none,0.18,0.8944271909999159,jive,0.7212458236909952,0.7210341868862835,0.7210341868862835,0.01747110565871979,,400,20260823
a0.9_k2.0_none_p1,1000,1,899,0.9,2.0,none,0.18,0.8944271909999159,whiten,0.7211867258897456,0.7209765654948086,0.7209765654948086,0.017409354005277784,0.05,400,20260823
a0.9_k2.0_none_p1,1000,1,899,0.9,2.0,none,0.18,0.8944271909999159,pca_l,19.202090210043455,3.38123058151224,1.206885038361312,19.16412525890045,0.0011123470522803114,400,20260823
a0.9_k2.0_none_p1,1000,1,899,0.9,2.0,none,0.18,0.8944271909999159,trunc_k1,0.7211867258897456,0.7209765654948085,0.7209765654948085,0.017409354005280972,1.0,400,20260823
a0.9_k2.0_none_p5,2000,5,1799,0.9,2.0,none,F>10,,0,400,20260823
a0.9_k2.0_none_p5,2000,5,1799,0.9,2.0,none,KP_rk>10,0.0,400,400,20260823
a0.9_k2.0_none_p5,2000,5,1799,0.9,2.0,none,spectral_env,,0,400,20260823
a0.9_k2.0_none_p5,2000,5,1799,0.9,2.0,none,0.18,0.8944271909999159,tsls,0.7961902630087389,0.7961073560977877,0.7961073560977877,0.011489668268278143,,400,20260823
a0.9_k2.0_none_p5,2000,5,1799,0.9,2.0,none,0.18,0.8944271909999159,liml,0.8007480691353681,0.8006748849301165,0.8006748849301165,0.010825842515250886,,400,20260823
a0.9_k2.0_none_p5,2000,5,1799,0.9,2.0,none,0.18,0.8944271909999159,fuller,0.8007704217879258,0.8006972497850066,0.8006972497850066,0.010825091091507843,,400,20260823
a0.9_k2.0_none_p5,2000,5,1799,0.9,2.0,none,0.18,0.8944271909999159,bekker,8.43203926061943,2.206398887447013,1.1149229349854513,8.35800412429133,,400,20260823
a0.9_k2.0_none_p5,2000,5,1799,0.9,2.0,none,0.18,0.8944271909999159,jive,0.7962264730435558,0.7961432784433059,0.7961432784433059,0.01150984643359229,,400,20260823
a0.9_k2.0_none_p5,2000,5,1799,0.9,2.0,none,0.18,0.8944271909999159,whiten,0.7961902630087387,0.7961073560977877,0.7961073560977877,0.01148966826826848,0.05,400,20260823
a0.9_k2.0_none_p5,2000,5,1799,0.9,2.0,none,0.18,0.8944271909999159,pca_l,0.38898629967941345,0.3495462134838006,-0.28163495379093634,0.26831342519795687,0.0005558643690939411,400,20260823
a0.9_k2.0_none_p5,2000,5,1799,0.9,2.0,none,0.18,0.8944271909999159,trunc_k1,0.3183691216354481,0.31304968738552885,-0.31304968738552885,0.05795507603954478,0.2,400,20260823
a0.9_k2.0_none_p5,2000,5,1799,0.9,2.0,none,0.18,0.8944271909999159,trunc_k2,0.2843684251937973,0.2421996576488497,-0.05014717911134691,0.27991188198141,0.4,400,20260823
a0.9_k2.0_none_p5,2000,5,1799,0.9,2.0,none,0.18,0.8944271909999159,trunc_k5,0.7961902630087389,0.7961073560977878,0.7961073560977878,0.01148966826826848,1.0,400,20260823
a0.1_k0.5_none_p1,1000,1,100,0.1,0.5,none,F>10,,0,400,20260823
a0.1_k0.5_none_p1,1000,1,100,0.1,0.5,none,KP_rk>10,0.9625,400,400,20260823
a0.1_k0.5_none_p1,1000,1,100,0.1,0.5,none,spectral_env,,0,400,20260823
a0.1_k0.5_none_p1,1000,1,100,0.1,0.5,none,0.28,0.4472135954999579,tsls,0.09981241713081355,0.09044407037351776,0.08943118667835423,0.044323599389003605,,400,20260823
a0.1_k0.5_none_p1,1000,1,100,0.1,0.5,none,0.28,0.4472135954999579,liml,0.24217968297005385,0.24068881508958184,0.24068881508958184,0.02683082433040169,,400,20260823
a0.1_k0.5_none_p1,1000,1,100,0.1,0.5,none,0.28,0.4472135954999579,fuller,0.24242106861656815,0.24093327023990668,0.24093327023990668,0.026816670201629027,,400,20260823
a0.1_k0.5_none_p1,1000,1,100,0.1,0.5,none,0.28,0.4472135954999579,bekker,0.059496635057487444,0.048151839000977796,-0.003327041551355876,0.0594035384272637,,400,20260823
a0.1_k0.5_none_p1,1000,1,100,0.1,0.5,none,0.28,0.4472135954999579,jive,0.09982156198074814,0.09044413970533703,0.08942541200302452,0.04435583303654278,,400,20260823
a0.1_k0.5_none_p1,1000,1,100,0.1,0.5,none,0.28,0.4472135954999579,whiten,0.09981241713081357,0.09044407037351779,0.08943118667835424,0.044323599389003585,0.05,400,20260823
a0.1_k0.5_none_p1,1000,1,100,0.1,0.5,none,0.28,0.4472135954999579,pca_l,7.285609528601756,1.3695627092503297,-0.5216594501674309,7.266909771099661,0.01,400,20260823
a0.1_k0.5_none_p1,1000,1,100,0.1,0.5,none,0.28,0.4472135954999579,trunc_k1,0.09981241713081357,0.09044407037351779,0.08943118667835423,0.044323599389003626,1.0,400,20260823
a0.1_k0.5_none_p5,2000,5,200,0.1,0.5,none,F>10,0.0,400,400,20260823
a0.1_k0.5_none_p5,2000,5,200,0.1,0.5,none,KP_rk>10,0.0,400,400,20260823
a0.1_k0.5_none_p5,2000,5,200,0.1,0.5,none,spectral_env,0.0,400,400,20260823
a0.1_k0.5_none_p5,2000,5,200,0.1,0.5,none,0.28,0.4472135954999579,tsls,0.3675130309224491,0.3632150895809616,0.3632150895809616,0.05604129369044815,,400,20260823
a0.1_k0.5_none_p5,2000,5,200,0.1,0.5,none,0.28,0.4472135954999579,liml,0.3839532596772491,0.3834786298938711,0.3834786298938711,0.019085230716564004,,400,20260823
a0.1_k0.5_none_p5,2000,5,200,0.1,0.5,none,0.28,0.4472135954999579,fuller,0.3839653141075774,0.38349073387169824,0.38349073387169824,0.01908453489810299,,400,20260823
a0.1_k0.5_none_p5,2000,5,200,0.1,0.5,none,0.28,0.4472135954999579,bekker,4.280345311541131,1.632206790420787,0.22146043741979388,4.274612410580634,,400,20260823
a0.1_k0.5_none_p5,2000,5,200,0.1,0.5,none,0.28,0.4472135954999579,jive,0.36749405472435276,0.3631963068807116,0.3631963068807116,0.05603858426082481,,400,20260823
a0.1_k0.5_none_p5,2000,5,200,0.1,0.5,none,0.28,0.4472135954999579,whiten,0.36751303092244914,0.36321508958096177,0.36321508958096177,0.05604129369044741,0.05,400,20260823
a0.1_k0.5_none_p5,2000,5,200,0.1,0.5,none,0.28,0.4472135954999579,pca_l,0.415083061671552,0.39198318903829843,-0.37790508436633324,0.17170234505301318,0.005,400,20260823
a0.1_k0.5_none_p5,2000,5,200,0.1,0.5,none,0.28,0.4472135954999579,trunc_k1,0.39572741278389073,0.39559455120954995,-0.39559455120954995,0.010253598487682782,0.2,400,20260823
a0.1_k0.5_none_p5,2000,5,200,0.1,0.5,none,0.28,0.4472135954999579,trunc_k2,0.28070324991034523,0.25435735767169304,-0.20470915777508047,0.19206372701071625,0.4,400,20260823
a0.1_k0.5_none_p5,2000,5,200,0.1,0.5,none,0.28,0.4472135954999579,trunc_k5,0.367513030922449,0.3632150895809616,0.3632150895809616,0.05604129369044765,1.0,400,20260823
a0.1_k2.0_none_p1,1000,1,100,0.1,2.0,none,F>10,,0,400,20260823
a0.1_k2.0_none_p1,1000,1,100,0.1,2.0,none,KP_rk>10,0.84,400,400,20260823
a0.1_k2.0_none_p1,1000,1,100,0.1,2.0,none,spectral_env,,0,400,20260823
a0.1_k2.0_none_p1,1000,1,100,0.1,2.0,none,0.28,0.8944271909999159,tsls,0.1848063118774967,0.1812047157278375,0.1812047157278375,0.03630735335653339,,400,20260823
a0.1_k2.0_none_p1,1000,1,100,0.1,2.0,none,0.28,0.8944271909999159,liml,0.5808419658351538,0.5806041469575194,0.5806041469575194,0.016619681434287464,,400,20260823
a0.1_k2.0_none_p1,1000,1,100,0.1,2.0,none,0.28,0.8944271909999159,fuller,0.5811220964823554,0.5808844319068005,0.5808844319068005,0.016618296794844428,,400,20260823
a0.1_k2.0_none_p1,1000,1,100,0.1,2.0,none,0.28,0.8944271909999159,bekker,0.06305015040596801,0.04988813856214969,-0.0032656561223816005,0.06296552196484628,,400,20260823
a0.1_k2.0_none_p1,1000,1,100,0.1,2.0,none,0.28,0.8944271909999159,jive,0.1847991612319843,0.1811981142553595,0.1811981142553595,0.03630390312826725,,400,20260823
a0.1_k2.0_none_p1,1000,1,100,0.1,2.0,none,0.28,0.8944271909999159,whiten,0.18480631187749672,0.1812047157278375,0.1812047157278375,0.036307353356533574,0.05,400,20260823
a0.1_k2.0_none_p1,1000,1,100,0.1,2.0,none,0.28,0.8944271909999159,pca_l,3.5788769736652157,1.2917740711624544,0.14669493477969253,3.575869263373743,0.01,400,20260823
a0.1_k2.0_none_p1,1000,1,100,0.1,2.0,none,0.28,0.8944271909999159,trunc_k1,0.1848063118774967,0.1812047157278375,0.1812047157278375,0.03630735335653339,1.0,400,20260823
a0.1_k2.0_none_p5,2000,5,200,0.1,2.0,none,F>10,0.0,400,400,20260823
a0.1_k2.0_none_p5,2000,5,200,0.1,2.0,none,KP_rk>10,0.0,400,400,20260823
a0.1_k2.0_none_p5,2000,5,200,0.1,2.0,none,spectral_env,0.0,400,400,20260823
a0.1_k2.0_none_p5,2000,5,200,0.1,2.0,none,0.28,0.8944271909999159,tsls,0.7232132418272348,0.7221435233073863,0.7221435233073863,0.039320794745946165,,400,20260823
a0.1_k2.0_none_p5,2000,5,200,0.1,2.0,none,0.28,0.8944271909999159,liml,0.7685309495438939,0.7684515297697629,0.7684515297697629,0.011048384558400187,,400,20260823
a0.1_k2.0_none_p5,2000,5,200,0.1,2.0,none,0.28,0.8944271909999159,fuller,0.768553788143748,0.7684743827054271,0.7684743827054271,0.011047551566650504,,400,20260823
a0.1_k2.0_none_p5,2000,5,200,0.1,2.0,none,0.28,0.8944271909999159,bekker,3.581575655997481,1.5390203598836947,0.9002462549284498,3.466589225755063,,400,20260823
a0.1_k2.0_none_p5,2000,5,200,0.1,2.0,none,0.28,0.8944271909999159,jive,0.7232319606795672,0.7221629092798537,0.7221629092798537,0.03930904996141108,,400,20260823
a0.1_k2.0_none_p5,2000,5,200,0.1,2.0,none,0.28,0.8944271909999159,whiten,0.7232132418272346,0.7221435233073862,0.7221435233073862,0.03932079474594334,0.05,400,20260823
a0.1_k2.0_none_p5,2000,5,200,0.1,2.0,none,0.28,0.8944271909999159,pca_l,0.39955587766603123,0.37147501045416176,-0.3377144801331734,0.21352711604349675,0.005,400,20260823
a0.1_k2.0_none_p5,2000,5,200,0.1,2.0,none,0.28,0.8944271909999159,trunc_k1,0.39123803386983325,0.3910486691924146,-0.3910486691924146,0.012171173697481908,0.2,400,20260823
a0.1_k2.0_none_p5,2000,5,200,0.1,2.0,none,0.28,0.8944271909999159,trunc_k2,0.3117147480047072,0.27636919886452055,-0.11597935284200311,0.28933522744040047,0.4,400,20260823
a0.1_k2.0_none_p5,2000,5,200,0.1,2.0,none,0.28,0.8944271909999159,trunc_k5,0.7232132418272348,0.7221435233073863,0.7221435233073863,0.039320794745946165,1.0,400,20260823
a0.3_k0.5_none_p1,1000,1,300,0.3,0.5,none,F>10,,0,400,20260823
a0.3_k0.5_none_p1,1000,1,300,0.3,0.5,none,KP_rk>10,0.94,400,400,20260823
a0.3_k0.5_none_p1,1000,1,300,0.3,0.5,none,spectral_env,,0,400,20260823
a0.3_k0.5_none_p1,1000,1,300,0.3,0.5,none,0.28,0.4472135954999579,tsls,0.197639698675436,0.19439377685232823,0.19439377685232823,0.03567225831937686,,400,20260823
a0.3_k0.5_none_p1,1000,1,300,0.3,0.5,none,0.28,0.4472135954999579,liml,0.285185382039787,0.2840039972080967,0.2840039972080967,0.025931288032079364,,400,20260823
a0.3_k0.5_none_p1,1000,1,300,0.3,0.5,none,0.28,0.4472135954999579,fuller,0.2853400863321938,0.28415993633839665,0.28415993633839665,0.02592480372581812,,400,20260823
a0.3_k0.5_none_p1,1000,1,300,0.3,0.5,none,0.28,0.4472135954999579,bekker,0.08047313005080113,0.0629803107238729,-0.005344948010996475,0.08029543069772338,,400,20260823
a0.3_k0.5_none_p1,1000,1,300,0.3,0.5,none,0.28,0.4472135954999579,jive,0.19765727559716342,0.1944081507437949,0.1944081507437949,0.035691308758168755,,400,20260823
a0.3_k0.5_none_p1,1000,1,300,0.3,0.5,none,0.28,0.4472135954999579,whiten,0.19763969867543602,0.19439377685232828,0.19439377685232828,0.03567225831937666,0.05,400,20260823
a0.3_k0.5_none_p1,1000,1,300,0.3,0.5,none,0.28,0.4472135954999579,pca_l,19.788911585083557,3.198739467398965,0.3198741238949722,19.78632614375687,0.0033333333333333335,400,20260823
a0.3_k0.5_none_p1,1000,1,300,0.3,0.5,none,0.28,0.4472135954999579,trunc_k1,0.19763969867543602,0.19439377685232828,0.19439377685232828,0.03567225831937666,1.0,400,20260823
a0.3_k0.5_none_p5,2000,5,600,0.3,0.5,none,F>10,,0,400,20260823
a0.3_k0.5_none_p5,2000,5,600,0.3,0.5,none,KP_rk>10,0.0,400,400,20260823
a0.3_k0.5_none_p5,2000,5,600,0.3,0.5,none,spectral_env,,0,400,20260823
a0.3_k0.5_none_p5,2000,5,600,0.3,0.5,none,0.28,0.4472135954999579,tsls,0.37136136546441306,0.369618282634398,0.369618282634398,0.03593868252999309,,400,20260823
a0.3_k0.5_none_p5,2000,5,600,0.3,0.5,none,0.28,0.4472135954999579,liml,0.3850748709633152,0.3845988421370437,0.3845988421370437,0.01914123491991091,,400,20260823
a0.3_k0.5_none_p5,2000,5,600,0.3,0.5,none,0.28,0.4472135954999579,fuller,0.38508603144167336,0.38461008631017646,0.38461008631017646,0.019139830719628985,,400,20260823
a0.3_k0.5_none_p5,2000,5,600,0.3,0.5,none,0.28,0.4472135954999579,bekker,5.546403034055601,1.899499314292194,0.5082776659589565,5.523064405786744,,400,20260823
a0.3_k0.5_none_p5,2000,5,600,0.3,0.5,none,0.28,0.4472135954999579,jive,0.3713549803557154,0.36961146553073226,0.36961146553073226,0.03594281546036819,,400,20260823
a0.3_k0.5_none_p5,2000,5,600,0.3,0.5,none,0.28,0.4472135954999579,whiten,0.37136136546441295,0.36961828263439783,0.36961828263439783,0.03593868252999386,0.05,400,20260823
a0.3_k0.5_none_p5,2000,5,600,0.3,0.5,none,0.28,0.4472135954999579,pca_l,0.4186754548670838,0.3903848279198089,-0.36297579655368445,0.20865691367500336,0.0016666666666666668,400,20260823
a0.3_k0.5_none_p5,2000,5,600,0.3,0.5,none,0.28,0.4472135954999579,trunc_k1,0.38823172068336637,0.38808139134750347,-0.38808139134750347,0.010802899358655508,0.2,400,20260823
a0.3_k0.5_none_p5,2000,5,600,0.3,0.5,none,0.28,0.4472135954999579,trunc_k2,0.27128416538883576,0.24277486755224836,-0.20023636436537187,0.1830314092620587,0.4,400,20260823
a0.3_k0.5_none_p5,2000,5,600,0.3,0.5,none,0.28,0.4472135954999579,trunc_k5,0.371361365464413,0.3696182826343979,0.3696182826343979,0.03593868252999347,1.0,400,20260823
a0.3_k2.0_none_p1,1000,1,300,0.3,2.0,none,F>10,,0,400,20260823
a0.3_k2.0_none_p1,1000,1,300,0.3,2.0,none,KP_rk>10,0.915,400,400,20260823
a0.3_k2.0_none_p1,1000,1,300,0.3,2.0,none,spectral_env,,0,400,20260823
a0.3_k2.0_none_p1,1000,1,300,0.3,2.0,none,0.28,0.8944271909999159,tsls,0.38987823671325966,0.3890025477248495,0.3890025477248495,0.026116227258483067,,400,20260823
a0.3_k2.0_none_p1,1000,1,300,0.3,2.0,none,0.28,0.8944271909999159,liml,0.6104841730257695,0.610258789534781,0.610258789534781,0.01658720321517785,,400,20260823
a0.3_k2.0_none_p1,1000,1,300,0.3,2.0,none,0.28,0.8944271909999159,fuller,0.6107165934957386,0.6104913454446746,0.6104913454446746,0.016585376335498208,,400,20260823
a0.3_k2.0_none_p1,1000,1,300,0.3,2.0,none,0.28,0.8944271909999159,bekker,0.09268211617093279,0.07153029147468723,-0.009638442704199208,0.09217958060308232,,400,20260823
a0.3_k2.0_none_p1,1000,1,300,0.3,2.0,none,0.28,0.8944271909999159,jive,0.38988386676838394,0.38900852697986066,0.38900852697986066,0.0261112141277646,,400,20260823
a0.3_k2.0_none_p1,1000,1,300,0.3,2.0,none,0.28,0.8944271909999159,whiten,0.38987823671325966,0.38900254772484955,0.38900254772484955,0.026116227258482536,0.05,400,20260823
a0.3_k2.0_none_p1,1000,1,300,0.3,2.0,none,0.28,0.8944271909999159,pca_l,6.12274251409957,1.7024723921007296,-0.16197534787644113,6.120599634075294,0.0033333333333333335,400,20260823
a0.3_k2.0_none_p1,1000,1,300,0.3,2.0,none,0.28,0.8944271909999159,trunc_k1,0.38987823671325966,0.38900254772484943,0.38900254772484943,0.02611622725848413,1.0,400,20260823
a0.3_k2.0_none_p5,2000,5,600,0.3,2.0,none,F>10,,0,400,20260823
a0.3_k2.0_none_p5,2000,5,600,0.3,2.0,none,KP_rk>10,0.0,400,400,20260823
a0.3_k2.0_none_p5,2000,5,600,0.3,2.0,none,spectral_env,,0,400,20260823
a0.3_k2.0_none_p5,2000,5,600,0.3,2.0,none,0.28,0.8944271909999159,tsls,0.7405936804851252,0.7402719382895399,0.7402719382895399,0.021827893978838858,,400,20260823
a0.3_k2.0_none_p5,2000,5,600,0.3,2.0,none,0.28,0.8944271909999159,liml,0.7724839666467465,0.7723936412389816,0.7723936412389816,0.011812776975765497,,400,20260823
a0.3_k2.0_none_p5,2000,5,600,0.3,2.0,none,0.28,0.8944271909999159,fuller,0.7725055001478348,0.77241519493872,0.77241519493872,0.011811620821697481,,400,20260823
a0.3_k2.0_none_p5,2000,5,600,0.3,2.0,none,0.28,0.8944271909999159,bekker,63.33089565917318,4.816265852002411,3.570923201448257,63.230141961586945,,400,20260823
a0.3_k2.0_none_p5,2000,5,600,0.3,2.0,none,0.28,0.8944271909999159,jive,0.7405913543045994,0.7402682549244478,0.7402682549244478,0.021873838753941804,,400,20260823
a0.3_k2.0_none_p5,2000,5,600,0.3,2.0,none,0.28,0.8944271909999159,whiten,0.7405936804851252,0.7402719382895399,0.7402719382895399,0.021827893978838858,0.05,400,20260823
a0.3_k2.0_none_p5,2000,5,600,0.3,2.0,none,0.28,0.8944271909999159,pca_l,0.3929410600326709,0.36521132168631676,-0.31670738287567457,0.23259215440689293,0.0016666666666666668,400,20260823
a0.3_k2.0_none_p5,2000,5,600,0.3,2.0,none,0.28,0.8944271909999159,trunc_k1,0.37520807728700123,0.3750113268379027,-0.3750113268379027,0.012149321161446429,0.2,400,20260823
a0.3_k2.0_none_p5,2000,5,600,0.3,2.0,none,0.28,0.8944271909999159,trunc_k2,0.28745113266415134,0.2524429723976785,-0.09459954141510543,0.2714389073695134,0.4,400,20260823
a0.3_k2.0_none_p5,2000,5,600,0.3,2.0,none,0.28,0.8944271909999159,trunc_k5,0.7405936804851252,0.7402719382895401,0.7402719382895401,0.02182789397883123,1.0,400,20260823
a0.5_k0.5_none_p1,1000,1,500,0.5,0.5,none,F>10,,0,400,20260823
a0.5_k0.5_none_p1,1000,1,500,0.5,0.5,none,KP_rk>10,0.9475,400,400,20260823
a0.5_k0.5_none_p1,1000,1,500,0.5,0.5,none,spectral_env,,0,400,20260823
a0.5_k0.5_none_p1,1000,1,500,0.5,0.5,none,0.28,0.4472135954999579,tsls,0.25158921125584116,0.2494491433980958,0.2494491433980958,0.03274532147181505,,400,20260823
a0.5_k0.5_none_p1,1000,1,500,0.5,0.5,none,0.28,0.4472135954999579,liml,0.3041434089652727,0.3029975100756672,0.3029975100756672,0.026376544598621363,,400,20260823
a0.5_k0.5_none_p1,1000,1,500,0.5,0.5,none,0.28,0.4472135954999579,fuller,0.30425903471477733,0.30311403533629844,0.30311403533629844,0.026371230303368524,,400,20260823
a0.5_k0.5_none_p1,1000,1,500,0.5,0.5,none,0.28,0.4472135954999579,bekker,0.11509855927584378,0.08875321130575001,-0.012152440683271199,0.11445521627612479,,400,20260823
a0.5_k0.5_none_p1,1000,1,500,0.5,0.5,none,0.28,0.4472135954999579,jive,0.25165376351591456,0.24951451807612857,0.24951451807612857,0.03274327352237647,,400,20260823
a0.5_k0.5_none_p1,1000,1,500,0.5,0.5,none,0.28,0.4472135954999579,whiten,0.25158921125584116,0.24944914339809582,0.24944914339809582,0.03274532147181484,0.05,400,20260823
a0.5_k0.5_none_p1,1000,1,500,0.5,0.5,none,0.28,0.4472135954999579,pca_l,25.953603785718684,3.242627487638821,-1.488616372018679,25.910877460306686,0.002,400,20260823
a0.5_k0.5_none_p1,1000,1,500,0.5,0.5,none,0.28,0.4472135954999579,trunc_k1,0.25158921125584116,0.24944914339809582,0.24944914339809582,0.03274532147181484,1.0,400,20260823
a0.5_k0.5_none_p5,2000,5,1000,0.5,0.5,none,F>10,,0,400,20260823
a0.5_k0.5_none_p5,2000,5,1000,0.5,0.5,none,KP_rk>10,0.0,400,400,20260823
a0.5_k0.5_none_p5,2000,5,1000,0.5,0.5,none,spectral_env,,0,400,20260823
a0.5_k0.5_none_p5,2000,5,1000,0.5,0.5,none,0.28,0.4472135954999579,tsls,0.3759804349967413,0.37502475142040553,0.37502475142040553,0.02679035875836363,,400,20260823
a0.5_k0.5_none_p5,2000,5,1000,0.5,0.5,none,0.28,0.4472135954999579,liml,0.38540434807910967,0.3849258684938928,0.3849258684938928,0.019198627099505206,,400,20260823
a0.5_k0.5_none_p5,2000,5,1000,0.5,0.5,none,0.28,0.4472135954999579,fuller,0.38541449812323564,0.3849360953663022,0.3849360953663022,0.019197339600338405,,400,20260823
a0.5_k0.5_none_p5,2000,5,1000,0.5,0.5,none,0.28,0.4472135954999579,bekker,7.592874252892087,1.9375006141267286,0.01566803655951798,7.5928580872331555,,400,20260823
a0.5_k0.5_none_p5,2000,5,1000,0.5,0.5,none,0.28,0.4472135954999579,jive,0.3759601511385521,0.3750045277017388,0.3750045277017388,0.026788793315838805,,400,20260823
a0.5_k0.5_none_p5,2000,5,1000,0.5,0.5,none,0.28,0.4472135954999579,whiten,0.3759804349967413,0.37502475142040553,0.37502475142040553,0.02679035875836363,0.05,400,20260823
a0.5_k0.5_none_p5,2000,5,1000,0.5,0.5,none,0.28,0.4472135954999579,pca_l,0.4282169176388956,0.3964986893269723,-0.3514437021623143,0.24465701045055546,0.001,400,20260823
a0.5_k0.5_none_p5,2000,5,1000,0.5,0.5,none,0.28,0.4472135954999579,trunc_k1,0.3824647648448286,0.38227716073577106,-0.38227716073577106,0.011977843195145025,0.2,400,20260823
a0.5_k0.5_none_p5,2000,5,1000,0.5,0.5,none,0.28,0.4472135954999579,trunc_k2,0.26842282889289504,0.24310779399763174,-0.19383487750716788,0.18568482795491295,0.4,400,20260823
a0.5_k0.5_none_p5,2000,5,1000,0.5,0.5,none,0.28,0.4472135954999579,trunc_k5,0.37598043499674116,0.3750247514204055,0.3750247514204055,0.026790358758363112,1.0,400,20260823
a0.5_k2.0_none_p1,1000,1,500,0.5,2.0,none,F>10,,0,400,20260823
a0.5_k2.0_none_p1,1000,1,500,0.5,2.0,none,KP_rk>10,0.9025,400,400,20260823
a0.5_k2.0_none_p1,1000,1,500,0.5,2.0,none,spectral_env,,0,400,20260823
a0.5_k2.0_none_p1,1000,1,500,0.5,2.0,none,0.28,0.8944271909999159,tsls,0.5035204796551791,0.5029419664846857,0.5029419664846857,0.024129893922247733,,400,20260823
a0.5_k2.0_none_p1,1000,1,500,0.5,2.0,none,0.28,0.8944271909999159,liml,0.6282863340737462,0.6280265437917472,0.6280265437917472,0.01806593138533734,,400,20260823
a0.5_k2.0_none_p1,1000,1,500,0.5,2.0,none,0.28,0.8944271909999159,fuller,0.6284906038257579,0.6282309947183594,0.6282309947183594,0.01806256826828586,,400,20260823
a0.5_k2.0_none_p1,1000,1,500,0.5,2.0,none,0.28,0.8944271909999159,bekker,0.14842391305665,0.11209326919214777,-0.022337837131114303,0.14673336021284258,,400,20260823
a0.5_k2.0_none_p1,1000,1,500,0.5,2.0,none,0.28,0.8944271909999159,jive,0.5035357551562671,0.5029563609531637,0.5029563609531637,0.024148616886753405,,400,20260823
a0.5_k2.0_none_p1,1000,1,500,0.5,2.0,none,0.28,0.8944271909999159,whiten,0.5035204796551791,0.5029419664846857,0.5029419664846857,0.024129893922247733,0.05,400,20260823
a0.5_k2.0_none_p1,1000,1,500,0.5,2.0,none,0.28,0.8944271909999159,pca_l,7.393693445228661,2.0195680994910394,0.08712783216153473,7.393180066986067,0.002,400,20260823
a0.5_k2.0_none_p1,1000,1,500,0.5,2.0,none,0.28,0.8944271909999159,trunc_k1,0.5035204796551791,0.5029419664846857,0.5029419664846857,0.024129893922247733,1.0,400,20260823
a0.5_k2.0_none_p5,2000,5,1000,0.5,2.0,none,F>10,,0,400,20260823
a0.5_k2.0_none_p5,2000,5,1000,0.5,2.0,none,KP_rk>10,0.0,400,400,20260823
a0.5_k2.0_none_p5,2000,5,1000,0.5,2.0,none,spectral_env,,0,400,20260823
a0.5_k2.0_none_p5,2000,5,1000,0.5,2.0,none,0.28,0.8944271909999159,tsls,0.7517918539501908,0.7516215823925498,0.7516215823925498,0.015999642108008277,,400,20260823
a0.5_k2.0_none_p5,2000,5,1000,0.5,2.0,none,0.28,0.8944271909999159,liml,0.774373775539362,0.7742908513133746,0.7742908513133746,0.011332334953392559,,400,20260823
a0.5_k2.0_none_p5,2000,5,1000,0.5,2.0,none,0.28,0.8944271909999159,fuller,0.7743950131273722,0.7743121056798705,0.7743121056798705,0.011331343880934422,,400,20260823
a0.5_k2.0_none_p5,2000,5,1000,0.5,2.0,none,0.28,0.8944271909999159,bekker,6.510684612196316,1.9083191947773814,0.32413092146249484,6.5026112651181736,,400,20260823
a0.5_k2.0_none_p5,2000,5,1000,0.5,2.0,none,0.28,0.8944271909999159,jive,0.7518392510982372,0.7516690125888681,0.7516690125888681,0.015998593864282113,,400,20260823
a0.5_k2.0_none_p5,2000,5,1000,0.5,2.0,none,0.28,0.8944271909999159,whiten,0.7517918539501909,0.75162158239255,0.75162158239255,0.015999642108011747,0.05,400,20260823
a0.5_k2.0_none_p5,2000,5,1000,0.5,2.0,none,0.28,0.8944271909999159,pca_l,0.3920784012741784,0.36280487372619413,-0.32485048710400305,0.21953959500283232,0.001,400,20260823
a0.5_k2.0_none_p5,2000,5,1000,0.5,2.0,none,0.28,0.8944271909999159,trunc_k1,0.3628241056511994,0.3625176760516407,-0.3625176760516407,0.014908594558522151,0.2,400,20260823
a0.5_k2.0_none_p5,2000,5,1000,0.5,2.0,none,0.28,0.8944271909999159,trunc_k2,0.2911371723748353,0.2532225605371535,-0.06836812758975552,0.28299585203370997,0.4,400,20260823
a0.5_k2.0_none_p5,2000,5,1000,0.5,2.0,none,0.28,0.8944271909999159,trunc_k5,0.7517918539501908,0.7516215823925498,0.7516215823925498,0.015999642108008277,1.0,400,20260823
a0.7_k0.5_none_p1,1000,1,699,0.7,0.5,none,F>10,,0,400,20260823
a0.7_k0.5_none_p1,1000,1,699,0.7,0.5,none,KP_rk>10,0.95,400,400,20260823
a0.7_k0.5_none_p1,1000,1,699,0.7,0.5,none,spectral_env,,0,400,20260823
a0.7_k0.5_none_p1,1000,1,699,0.7,0.5,none,0.28,0.4472135954999579,tsls,0.28986063607600115,0.2885030506781921,0.2885030506781921,0.028021029527133867,,400,20260823
a0.7_k0.5_none_p1,1000,1,699,0.7,0.5,none,0.28,0.4472135954999579,liml,0.3188026951624406,0.3178514356977994,0.3178514356977994,0.024609414208463434,,400,20260823
a0.7_k0.5_none_p1,1000,1,699,0.7,0.5,none,0.28,0.4472135954999579,fuller,0.3189015032319646,0.3179508359557026,0.3179508359557026,0.02460558226656335,,400,20260823
a0.7_k0.5_none_p1,1000,1,699,0.7,0.5,none,0.28,0.4472135954999579,bekker,0.1742644048137309,0.12642372468886656,-0.02224862336175821,0.17283831040481304,,400,20260823
a0.7_k0.5_none_p1,1000,1,699,0.7,0.5,none,0.28,0.4472135954999579,jive,0.2898134198631923,0.28845287350779203,0.28845287350779203,0.028049208507491204,,400,20260823
a0.7_k0.5_none_p1,1000,1,699,0.7,0.5,none,0.28,0.4472135954999579,whiten,0.2898606360760011,0.28850305067819204,0.28850305067819204,0.02802102952713362,0.05,400,20260823
a0.7_k0.5_none_p1,1000,1,699,0.7,0.5,none,0.28,0.4472135954999579,pca_l,11.646770913398704,2.3584522720503505,0.1863194282385489,11.645280493824567,0.001430615164520744,400,20260823
a0.7_k0.5_none_p1,1000,1,699,0.7,0.5,none,0.28,0.4472135954999579,trunc_k1,0.2898606360760011,0.28850305067819204,0.28850305067819204,0.02802102952713362,1.0,400,20260823
a0.7_k0.5_none_p5,2000,5,1399,0.7,0.5,none,F>10,,0,400,20260823
a0.7_k0.5_none_p5,2000,5,1399,0.7,0.5,none,KP_rk>10,0.0,400,400,20260823
a0.7_k0.5_none_p5,2000,5,1399,0.7,0.5,none,spectral_env,,0,400,20260823
a0.7_k0.5_none_p5,2000,5,1399,0.7,0.5,none,0.28,0.4472135954999579,tsls,0.3836079635806628,0.38293972230008544,0.38293972230008544,0.022632693327055742,,400,20260823
a0.7_k0.5_none_p5,2000,5,1399,0.7,0.5,none,0.28,0.4472135954999579,liml,0.39010612561866614,0.38963553492672587,0.38963553492672587,0.019155656281389,,400,20260823
a0.7_k0.5_none_p5,2000,5,1399,0.7,0.5,none,0.28,0.4472135954999579,fuller,0.3901170920157709,0.3896465156245236,0.3896465156245236,0.01915563479786805,,400,20260823
a0.7_k0.5_none_p5,2000,5,1399,0.7,0.5,none,0.28,0.4472135954999579,bekker,41.1582684271961,4.116256207125236,-1.5509960123824038,41.129034407516805,,400,20260823
a0.7_k0.5_none_p5,2000,5,1399,0.7,0.5,none,0.28,0.4472135954999579,jive,0.38356428310607343,0.3828993934895531,0.3828993934895531,0.022574626021452392,,400,20260823
a0.7_k0.5_none_p5,2000,5,1399,0.7,0.5,none,0.28,0.4472135954999579,whiten,0.38360796358066285,0.3829397223000855,0.3829397223000855,0.022632693327055742,0.05,400,20260823
a0.7_k0.5_none_p5,2000,5,1399,0.7,0.5,none,0.28,0.4472135954999579,pca_l,0.4370474383970288,0.39702715299234753,-0.3562493443308675,0.2531735927643949,0.0007147962830593281,400,20260823
a0.7_k0.5_none_p5,2000,5,1399,0.7,0.5,none,0.28,0.4472135954999579,trunc_k1,0.3758768222078037,0.37557750261454204,-0.37557750261454204,0.014997499886999827,0.2,400,20260823
a0.7_k0.5_none_p5,2000,5,1399,0.7,0.5,none,0.28,0.4472135954999579,trunc_k2,0.27312629183349185,0.2469492604202997,-0.18930356653286062,0.19688100718112087,0.4,400,20260823
a0.7_k0.5_none_p5,2000,5,1399,0.7,0.5,none,0.28,0.4472135954999579,trunc_k5,0.3836079635806628,0.38293972230008544,0.38293972230008544,0.022632693327055742,1.0,400,20260823
a0.7_k2.0_none_p1,1000,1,699,0.7,2.0,none,F>10,,0,400,20260823
a0.7_k2.0_none_p1,1000,1,699,0.7,2.0,none,KP_rk>10,0.93,400,400,20260823
a0.7_k2.0_none_p1,1000,1,699,0.7,2.0,none,spectral_env,,0,400,20260823
a0.7_k2.0_none_p1,1000,1,699,0.7,2.0,none,0.28,0.8944271909999159,tsls,0.5769595081857082,0.5765965859582238,0.5765965859582238,0.020460966429150983,,400,20260823
a0.7_k2.0_none_p1,1000,1,699,0.7,2.0,none,0.28,0.8944271909999159,liml,0.6396095169353495,0.6393727076210439,0.6393727076210439,0.017403301514547574,,400,20260823
a0.7_k2.0_none_p1,1000,1,699,0.7,2.0,none,0.28,0.8944271909999159,fuller,0.6397951429628502,0.6395585181354407,0.6395585181354407,0.017399047078880122,,400,20260823
a0.7_k2.0_none_p1,1000,1,699,0.7,2.0,none,0.28,0.8944271909999159,bekker,0.2130945712363399,0.14180349401655803,-0.016476492793016738,0.21245663434131967,,400,20260823
a0.7_k2.0_none_p1,1000,1,699,0.7,2.0,none,0.28,0.8944271909999159,jive,0.5769993384866872,0.5766345205334172,0.5766345205334172,0.020515027254931893,,400,20260823
a0.7_k2.0_none_p1,1000,1,699,0.7,2.0,none,0.28,0.8944271909999159,whiten,0.5769595081857082,0.5765965859582238,0.5765965859582238,0.020460966429150983,0.05,400,20260823
a0.7_k2.0_none_p1,1000,1,699,0.7,2.0,none,0.28,0.8944271909999159,pca_l,4.780876912681516,1.4716629149783786,0.42669374607410104,4.761797612380476,0.001430615164520744,400,20260823
a0.7_k2.0_none_p1,1000,1,699,0.7,2.0,none,0.28,0.8944271909999159,trunc_k1,0.5769595081857082,0.5765965859582238,0.5765965859582238,0.020460966429150983,1.0,400,20260823
a0.7_k2.0_none_p5,2000,5,1399,0.7,2.0,none,F>10,,0,400,20260823
a0.7_k2.0_none_p5,2000,5,1399,0.7,2.0,none,KP_rk>10,0.0,400,400,20260823
a0.7_k2.0_none_p5,2000,5,1399,0.7,2.0,none,spectral_env,,0,400,20260823
a0.7_k2.0_none_p5,2000,5,1399,0.7,2.0,none,0.28,0.8944271909999159,tsls,0.7637622795018326,0.7636419480770634,0.7636419480770634,0.013557091388019341,,400,20260823
a0.7_k2.0_none_p5,2000,5,1399,0.7,2.0,none,0.28,0.8944271909999159,liml,0.7762621844856282,0.7761789095041064,0.7761789095041064,0.011370114485606167,,400,20260823
a0.7_k2.0_none_p5,2000,5,1399,0.7,2.0,none,0.28,0.8944271909999159,fuller,0.776282299771863,0.7761990375976119,0.7761990375976119,0.011369387478383598,,400,20260823
a0.7_k2.0_none_p5,2000,5,1399,0.7,2.0,none,0.28,0.8944271909999159,bekker,6.767874859732925,1.7200937447643767,0.20933006251956243,6.764636800444686,,400,20260823
a0.7_k2.0_none_p5,2000,5,1399,0.7,2.0,none,0.28,0.8944271909999159,jive,0.763778158262308,0.7636575330485209,0.7636575330485209,0.013573770913431591,,400,20260823
a0.7_k2.0_none_p5,2000,5,1399,0.7,2.0,none,0.28,0.8944271909999159,whiten,0.7637622795018326,0.7636419480770634,0.7636419480770634,0.013557091388019341,0.05,400,20260823
a0.7_k2.0_none_p5,2000,5,1399,0.7,2.0,none,0.28,0.8944271909999159,pca_l,0.40500735562172374,0.3697398176404022,-0.30613924630111194,0.26515980084071666,0.0007147962830593281,400,20260823
a0.7_k2.0_none_p5,2000,5,1399,0.7,2.0,none,0.28,0.8944271909999159,trunc_k1,0.35427144295297375,0.353801532984761,-0.353801532984761,0.018240903201738393,0.2,400,20260823
a0.7_k2.0_none_p5,2000,5,1399,0.7,2.0,none,0.28,0.8944271909999159,trunc_k2,0.2878012934745344,0.2531446032999088,-0.0705376501254272,0.27902334031474485,0.4,400,20260823
a0.7_k2.0_none_p5,2000,5,1399,0.7,2.0,none,0.28,0.8944271909999159,trunc_k5,0.7637622795018325,0.7636419480770633,0.7636419480770633,0.013557091388015245,1.0,400,20260823
a0.9_k0.5_none_p1,1000,1,899,0.9,0.5,none,F>10,,0,400,20260823
a0.9_k0.5_none_p1,1000,1,899,0.9,0.5,none,KP_rk>10,0.9475,400,400,20260823
a0.9_k0.5_none_p1,1000,1,899,0.9,0.5,none,spectral_env,,0,400,20260823
a0.9_k0.5_none_p1,1000,1,899,0.9,0.5,none,0.28,0.4472135954999579,tsls,0.312769443297362,0.31173186490177435,0.31173186490177435,0.025455236502606945,,400,20260823
a0.9_k0.5_none_p1,1000,1,899,0.9,0.5,none,0.28,0.4472135954999579,liml,0.3221660667709132,0.32120802605439974,0.32120802605439974,0.024826972769078415,,400,20260823
a0.9_k0.5_none_p1,1000,1,899,0.9,0.5,none,0.28,0.4472135954999579,fuller,0.32225909639344064,0.32130120498574316,0.32130120498574316,0.024828630309107227,,400,20260823
a0.9_k0.5_none_p1,1000,1,899,0.9,0.5,none,0.28,0.4472135954999579,bekker,6.701125279199963,0.6881844260739233,0.2147325034338401,6.697683925022277,,400,20260823
a0.9_k0.5_none_p1,1000,1,899,0.9,0.5,none,0.28,0.4472135954999579,jive,0.3127167717725828,0.311680437202155,0.311680437202155,0.025437853945235494,,400,20260823
a0.9_k0.5_none_p1,1000,1,899,0.9,0.5,none,0.28,0.4472135954999579,whiten,0.312769443297362,0.31173186490177435,0.31173186490177435,0.025455236502606945,0.05,400,20260823
a0.9_k0.5_none_p1,1000,1,899,0.9,0.5,none,0.28,0.4472135954999579,pca_l,6.054895229481244,1.835409597575908,0.6399238248673237,6.020984449270892,0.0011123470522803114,400,20260823
a0.9_k0.5_none_p1,1000,1,899,0.9,0.5,none,0.28,0.4472135954999579,trunc_k1,0.312769443297362,0.31173186490177435,0.31173186490177435,0.025455236502606945,1.0,400,20260823
a0.9_k0.5_none_p5,2000,5,1799,0.9,0.5,none,F>10,,0,400,20260823
a0.9_k0.5_none_p5,2000,5,1799,0.9,0.5,none,KP_rk>10,0.0,400,400,20260823
a0.9_k0.5_none_p5,2000,5,1799,0.9,0.5,none,spectral_env,,0,400,20260823
a0.9_k0.5_none_p5,2000,5,1799,0.9,0.5,none,0.28,0.4472135954999579,tsls,0.38588736008026103,0.38538368309628296,0.38538368309628296,0.01970967967412923,,400,20260823
a0.9_k0.5_none_p5,2000,5,1799,0.9,0.5,none,0.28,0.4472135954999579,liml,0.38789295209977376,0.3874424092079255,0.3874424092079255,0.018690153446020052,,400,20260823
a0.9_k0.5_none_p5,2000,5,1799,0.9,0.5,none,0.28,0.4472135954999579,fuller,0.3879030545982311,0.3874525402924797,0.3874525402924797,0.018689804374113574,,400,20260823
a0.9_k0.5_none_p5,2000,5,1799,0.9,0.5,none,0.28,0.4472135954999579,bekker,17.86459027984975,3.3351238228649525,-0.3374240035784505,17.86140338575643,,400,20260823
a0.9_k0.5_none_p5,2000,5,1799,0.9,0.5,none,0.28,0.4472135954999579,jive,0.38594483072078273,0.3854389247000674,0.3854389247000674,0.019754687700629377,,400,20260823
a0.9_k0.5_none_p5,2000,5,1799,0.9,0.5,none,0.28,0.4472135954999579,whiten,0.3858873600802611,0.3853836830962831,0.3853836830962831,0.019709679674127116,0.05,400,20260823
a0.9_k0.5_none_p5,2000,5,1799,0.9,0.5,none,0.28,0.4472135954999579,pca_l,0.4157652126598825,0.3839695582359186,-0.36303629646012353,0.20264589685121825,0.0005558643690939411,400,20260823
a0.9_k0.5_none_p5,2000,5,1799,0.9,0.5,none,0.28,0.4472135954999579,trunc_k1,0.3716464109883149,0.37089343867632224,-0.37089343867632224,0.023645548150733844,0.2,400,20260823
a0.9_k0.5_none_p5,2000,5,1799,0.9,0.5,none,0.28,0.4472135954999579,trunc_k2,0.25986580266545195,0.23319311612063018,-0.1808529650231322,0.18660771805394688,0.4,400,20260823
a0.9_k0.5_none_p5,2000,5,1799,0.9,0.5,none,0.28,0.4472135954999579,trunc_k5,0.38588736008026103,0.385383683096283,0.385383683096283,0.019709679674128525,1.0,400,20260823
a0.9_k2.0_none_p1,1000,1,899,0.9,2.0,none,F>10,,0,400,20260823
a0.9_k2.0_none_p1,1000,1,899,0.9,2.0,none,KP_rk>10,0.955,400,400,20260823
a0.9_k2.0_none_p1,1000,1,899,0.9,2.0,none,spectral_env,,0,400,20260823
a0.9_k2.0_none_p1,1000,1,899,0.9,2.0,none,0.28,0.8944271909999159,tsls,0.6266852414479479,0.6264289418370863,0.6264289418370863,0.017921291179519266,,400,20260823
a0.9_k2.0_none_p1,1000,1,899,0.9,2.0,none,0.28,0.8944271909999159,liml,0.6456030679117992,0.6453714584473232,0.6453714584473232,0.01729167194640632,,400,20260823
a0.9_k2.0_none_p1,1000,1,899,0.9,2.0,none,0.28,0.8944271909999159,fuller,0.6457829008885152,0.6455513882573879,0.6455513882573879,0.017290465550270688,,400,20260823
a0.9_k2.0_none_p1,1000,1,899,0.9,2.0,none,0.28,0.8944271909999159,bekker,0.8911822150773058,0.38239862867258567,-0.17796909788275975,0.873231206879879,,400,20260823
a0.9_k2.0_none_p1,1000,1,899,0.9,2.0,none,0.28,0.8944271909999159,jive,0.6267476513863847,0.6264895494088772,0.6264895494088772,0.01798507714220652,,400,20260823
a0.9_k2.0_none_p1,1000,1,899,0.9,2.0,none,0.28,0.8944271909999159,whiten,0.6266852414479479,0.6264289418370863,0.6264289418370863,0.017921291179519266,0.05,400,20260823
a0.9_k2.0_none_p1,1000,1,899,0.9,2.0,none,0.28,0.8944271909999159,pca_l,31.590217617967312,3.4144095702975776,-0.9737045532066146,31.575207815525093,0.0011123470522803114,400,20260823
a0.9_k2.0_none_p1,1000,1,899,0.9,2.0,none,0.28,0.8944271909999159,trunc_k1,0.6266852414479479,0.6264289418370863,0.6264289418370863,0.017921291179519266,1.0,400,20260823
a0.9_k2.0_none_p5,2000,5,1799,0.9,2.0,none,F>10,,0,400,20260823
a0.9_k2.0_none_p5,2000,5,1799,0.9,2.0,none,KP_rk>10,0.0,400,400,20260823
a0.9_k2.0_none_p5,2000,5,1799,0.9,2.0,none,spectral_env,,0,400,20260823
a0.9_k2.0_none_p5,2000,5,1799,0.9,2.0,none,0.28,0.8944271909999159,tsls,0.7722640557823804,0.7721751449387745,0.7721751449387745,0.011718250391343207,,400,20260823
a0.9_k2.0_none_p5,2000,5,1799,0.9,2.0,none,0.28,0.8944271909999159,liml,0.7763171621922926,0.7762392877258261,0.7762392877258261,0.01099565847035272,,400,20260823
a0.9_k2.0_none_p5,2000,5,1799,0.9,2.0,none,0.28,0.8944271909999159,fuller,0.7763371101151847,0.7762592490100902,0.7762592490100902,0.010994856446859144,,400,20260823
a0.9_k2.0_none_p5,2000,5,1799,0.9,2.0,none,0.28,0.8944271909999159,bekker,7.988512950493708,2.22422280720717,0.5497402496065604,7.969574945890666,,400,20260823
a0.9_k2.0_none_p5,2000,5,1799,0.9,2.0,none,0.28,0.8944271909999159,jive,0.7723012022349419,0.7722119306837141,0.7722119306837141,0.01174227760135994,,400,20260823
a0.9_k2.0_none_p5,2000,5,1799,0.9,2.0,none,0.28,0.8944271909999159,whiten,0.7722640557823806,0.7721751449387745,0.7721751449387745,0.011718250391352682,0.05,400,20260823
a0.9_k2.0_none_p5,2000,5,1799,0.9,2.0,none,0.28,0.8944271909999159,pca_l,0.3912984398878967,0.3532888527787071,-0.29697741847630416,0.2547918404773827,0.0005558643690939411,400,20260823
a0.9_k2.0_none_p5,2000,5,1799,0.9,2.0,none,0.28,0.8944271909999159,trunc_k1,0.34173717468311776,0.34031345228680315,-0.34031345228680315,0.03116168726236586,0.2,400,20260823
a0.9_k2.0_none_p5,2000,5,1799,0.9,2.0,none,0.28,0.8944271909999159,trunc_k2,0.2879636029793976,0.25186983394699114,-0.07632188505155689,0.2776652778131487,0.4,400,20260823
a0.9_k2.0_none_p5,2000,5,1799,0.9,2.0,none,0.28,0.8944271909999159,trunc_k5,0.7722640557823806,0.7721751449387745,0.7721751449387745,0.011718250391352682,1.0,400,20260823
a0.1_k0.5_none_p1,1000,1,100,0.1,0.5,none,F>10,1.0,2,400,20260823
a0.1_k0.5_none_p1,1000,1,100,0.1,0.5,none,KP_rk>10,0.96,400,400,20260823
a0.1_k0.5_none_p1,1000,1,100,0.1,0.5,none,spectral_env,1.0,15,400,20260823
a0.1_k0.5_none_p1,1000,1,100,0.1,0.5,none,0.4,0.4472135954999579,tsls,0.06713371962817877,0.058571260240659076,0.05695944878798688,0.035532485205563874,,400,20260823
a0.1_k0.5_none_p1,1000,1,100,0.1,0.5,none,0.4,0.4472135954999579,liml,0.20475508822940258,0.20337770931892699,0.20337770931892699,0.023709776633626726,,400,20260823
a0.1_k0.5_none_p1,1000,1,100,0.1,0.5,none,0.4,0.4472135954999579,fuller,0.20495178930627103,0.2035765728936555,0.2035765728936555,0.023702635058496842,,400,20260823
a0.1_k0.5_none_p1,1000,1,100,0.1,0.5,none,0.4,0.4472135954999579,bekker,0.04254831421546763,0.034463467829245455,-0.0017975464812623198,0.04251032661866839,,400,20260823
a0.1_k0.5_none_p1,1000,1,100,0.1,0.5,none,0.4,0.4472135954999579,jive,0.0671415388032378,0.058571429687688206,0.05695630659948903,0.03555229066335513,,400,20260823
a0.1_k0.5_none_p1,1000,1,100,0.1,0.5,none,0.4,0.4472135954999579,whiten,0.06713371962817875,0.05857126024065907,0.05695944878798688,0.03553248520556384,0.05,400,20260823
a0.1_k0.5_none_p1,1000,1,100,0.1,0.5,none,0.4,0.4472135954999579,pca_l,50.39112916359518,3.235618221018421,-2.44154044581957,50.33194590549386,0.01,400,20260823
a0.1_k0.5_none_p1,1000,1,100,0.1,0.5,none,0.4,0.4472135954999579,trunc_k1,0.06713371962817875,0.058571260240659076,0.05695944878798688,0.03553248520556384,1.0,400,20260823
a0.1_k0.5_none_p5,2000,5,200,0.1,0.5,none,F>10,0.0,400,400,20260823
a0.1_k0.5_none_p5,2000,5,200,0.1,0.5,none,KP_rk>10,0.0,400,400,20260823
a0.1_k0.5_none_p5,2000,5,200,0.1,0.5,none,spectral_env,0.0,400,400,20260823
a0.1_k0.5_none_p5,2000,5,200,0.1,0.5,none,0.4,0.4472135954999579,tsls,0.3657034117891873,0.3613898097546446,0.3613898097546446,0.05600348917481592,,400,20260823
a0.1_k0.5_none_p5,2000,5,200,0.1,0.5,none,0.4,0.4472135954999579,liml,0.3770473231141589,0.37657795154287027,0.37657795154287027,0.0188077186104159,,400,20260823
a0.1_k0.5_none_p5,2000,5,200,0.1,0.5,none,0.4,0.4472135954999579,fuller,0.37705593182166747,0.3765865877696605,0.3765865877696605,0.018807382431102252,,400,20260823
a0.1_k0.5_none_p5,2000,5,200,0.1,0.5,none,0.4,0.4472135954999579,bekker,3.7775478558725384,1.546118115015803,0.3266924821525467,3.7633947209284626,,400,20260823
a0.1_k0.5_none_p5,2000,5,200,0.1,0.5,none,0.4,0.4472135954999579,jive,0.36568379835079245,0.361370696098127,0.361370696098127,0.055998753359500386,,400,20260823
a0.1_k0.5_none_p5,2000,5,200,0.1,0.5,none,0.4,0.4472135954999579,whiten,0.3657034117891873,0.36138980975464463,0.36138980975464463,0.05600348917481543,0.05,400,20260823
a0.1_k0.5_none_p5,2000,5,200,0.1,0.5,none,0.4,0.4472135954999579,pca_l,0.41441782822892204,0.3949069255473456,-0.3831229431754208,0.1579840079456767,0.005,400,20260823
a0.1_k0.5_none_p5,2000,5,200,0.1,0.5,none,0.4,0.4472135954999579,trunc_k1,0.3974119835143512,0.3973435087307194,-0.3973435087307194,0.007377039404237828,0.2,400,20260823
a0.1_k0.5_none_p5,2000,5,200,0.1,0.5,none,0.4,0.4472135954999579,trunc_k2,0.28189286012852705,0.2554704675240137,-0.20643642095572518,0.1919572574674684,0.4,400,20260823
a0.1_k0.5_none_p5,2000,5,200,0.1,0.5,none,0.4,0.4472135954999579,trunc_k5,0.3657034117891872,0.3613898097546446,0.3613898097546446,0.05600348917481518,1.0,400,20260823
a0.1_k2.0_none_p1,1000,1,100,0.1,2.0,none,F>10,,0,400,20260823
a0.1_k2.0_none_p1,1000,1,100,0.1,2.0,none,KP_rk>10,0.8925,400,400,20260823
a0.1_k2.0_none_p1,1000,1,100,0.1,2.0,none,spectral_env,0.8888888888888888,27,400,20260823
a0.1_k2.0_none_p1,1000,1,100,0.1,2.0,none,0.4,0.8944271909999159,tsls,0.11980059613544633,0.11561447754422956,0.11561447754422956,0.031392282755211644,,400,20260823
a0.1_k2.0_none_p1,1000,1,100,0.1,2.0,none,0.4,0.8944271909999159,liml,0.4901153465834737,0.4898378506778491,0.4898378506778491,0.016490391139806142,,400,20260823
a0.1_k2.0_none_p1,1000,1,100,0.1,2.0,none,0.4,0.8944271909999159,fuller,0.49038709200344843,0.49010975864300066,0.49010975864300066,0.016490133004261588,,400,20260823
a0.1_k2.0_none_p1,1000,1,100,0.1,2.0,none,0.4,0.8944271909999159,bekker,0.044361818732988605,0.035230837787357604,-0.0012010808980890055,0.04434555632726671,,400,20260823
a0.1_k2.0_none_p1,1000,1,100,0.1,2.0,none,0.4,0.8944271909999159,jive,0.11979578125408033,0.11561008118752689,0.11561008118752689,0.031390099300398946,,400,20260823
a0.1_k2.0_none_p1,1000,1,100,0.1,2.0,none,0.4,0.8944271909999159,whiten,0.11980059613544634,0.11561447754422957,0.11561447754422957,0.031392282755211644,0.05,400,20260823
a0.1_k2.0_none_p1,1000,1,100,0.1,2.0,none,0.4,0.8944271909999159,pca_l,6.871874319504891,1.596945186498124,0.47258233837069163,6.855605195497397,0.01,400,20260823
a0.1_k2.0_none_p1,1000,1,100,0.1,2.0,none,0.4,0.8944271909999159,trunc_k1,0.11980059613544634,0.11561447754422956,0.11561447754422956,0.03139228275521169,1.0,400,20260823
a0.1_k2.0_none_p5,2000,5,200,0.1,2.0,none,F>10,0.0,400,400,20260823
a0.1_k2.0_none_p5,2000,5,200,0.1,2.0,none,KP_rk>10,0.0,400,400,20260823
a0.1_k2.0_none_p5,2000,5,200,0.1,2.0,none,spectral_env,0.0,400,400,20260823
a0.1_k2.0_none_p5,2000,5,200,0.1,2.0,none,0.4,0.8944271909999159,tsls,0.7197167667898626,0.7186321376159631,0.7186321376159631,0.03949778707680911,,400,20260823
a0.1_k2.0_none_p5,2000,5,200,0.1,2.0,none,0.4,0.8944271909999159,liml,0.7529938205987362,0.7529115269849462,0.7529115269849462,0.01113222318668796,,400,20260823
a0.1_k2.0_none_p5,2000,5,200,0.1,2.0,none,0.4,0.8944271909999159,fuller,0.7530106711043977,0.752928387513739,0.752928387513739,0.011131669823356713,,400,20260823
a0.1_k2.0_none_p5,2000,5,200,0.1,2.0,none,0.4,0.8944271909999159,bekker,5.815656206908769,1.7544025748451577,0.9117896569911358,5.74373543422401,,400,20260823
a0.1_k2.0_none_p5,2000,5,200,0.1,2.0,none,0.4,0.8944271909999159,jive,0.7197359688769576,0.7186520721292287,0.7186520721292287,0.039484986002515106,,400,20260823
a0.1_k2.0_none_p5,2000,5,200,0.1,2.0,none,0.4,0.8944271909999159,whiten,0.7197167667898625,0.718632137615963,0.718632137615963,0.03949778707680911,0.05,400,20260823
a0.1_k2.0_none_p5,2000,5,200,0.1,2.0,none,0.4,0.8944271909999159,pca_l,0.3998911683526473,0.3754856877321023,-0.34869569199410755,0.19576583182771148,0.005,400,20260823
a0.1_k2.0_none_p5,2000,5,200,0.1,2.0,none,0.4,0.8944271909999159,trunc_k1,0.3947649287417947,0.39467165903879353,-0.39467165903879353,0.008580822575984812,0.2,400,20260823
a0.1_k2.0_none_p5,2000,5,200,0.1,2.0,none,0.4,0.8944271909999159,trunc_k2,0.31298546946754485,0.27782236787188636,-0.11952955080875985,0.2892621485457016,0.4,400,20260823
a0.1_k2.0_none_p5,2000,5,200,0.1,2.0,none,0.4,0.8944271909999159,trunc_k5,0.7197167667898626,0.7186321376159631,0.7186321376159631,0.03949778707680911,1.0,400,20260823
a0.3_k0.5_none_p1,1000,1,300,0.3,0.5,none,F>10,,0,400,20260823
a0.3_k0.5_none_p1,1000,1,300,0.3,0.5,none,KP_rk>10,0.9375,400,400,20260823
a0.3_k0.5_none_p1,1000,1,300,0.3,0.5,none,spectral_env,,0,400,20260823
a0.3_k0.5_none_p1,1000,1,300,0.3,0.5,none,0.4,0.4472135954999579,tsls,0.14209747755881139,0.13878222146833977,0.13878222146833977,0.030515375352264604,,400,20260823
a0.3_k0.5_none_p1,1000,1,300,0.3,0.5,none,0.4,0.4472135954999579,liml,0.23626433559788132,0.23509359920220418,0.23509359920220418,0.023491187489389956,,400,20260823
a0.3_k0.5_none_p1,1000,1,300,0.3,0.5,none,0.4,0.4472135954999579,fuller,0.23641613475660048,0.2352464880503728,0.2352464880503728,0.023487840113916,,400,20260823
a0.3_k0.5_none_p1,1000,1,300,0.3,0.5,none,0.4,0.4472135954999579,bekker,0.052677638771572714,0.0412996726965668,-0.001856193970899891,0.05264492540113145,,400,20260823
a0.3_k0.5_none_p1,1000,1,300,0.3,0.5,none,0.4,0.4472135954999579,jive,0.14211039939029727,0.13879215815520873,0.13879215815520873,0.030530352921139398,,400,20260823
a0.3_k0.5_none_p1,1000,1,300,0.3,0.5,none,0.4,0.4472135954999579,whiten,0.14209747755881139,0.13878222146833977,0.13878222146833977,0.030515375352264604,0.05,400,20260823
a0.3_k0.5_none_p1,1000,1,300,0.3,0.5,none,0.4,0.4472135954999579,pca_l,14.26485474644668,2.310146456595461,-0.3954773663747819,14.259371605716279,0.0033333333333333335,400,20260823
a0.3_k0.5_none_p1,1000,1,300,0.3,0.5,none,0.4,0.4472135954999579,trunc_k1,0.1420974775588114,0.1387822214683398,0.1387822214683398,0.030515375352264604,1.0,400,20260823
a0.3_k0.5_none_p5,2000,5,600,0.3,0.5,none,F>10,0.0,400,400,20260823
a0.3_k0.5_none_p5,2000,5,600,0.3,0.5,none,KP_rk>10,0.0,400,400,20260823
a0.3_k0.5_none_p5,2000,5,600,0.3,0.5,none,spectral_env,0.0,400,400,20260823
a0.3_k0.5_none_p5,2000,5,600,0.3,0.5,none,0.4,0.4472135954999579,tsls,0.3668436500919799,0.3650882962633352,0.3650882962633352,0.03584410055144542,,400,20260823
a0.3_k0.5_none_p5,2000,5,600,0.3,0.5,none,0.4,0.4472135954999579,liml,0.3769323580666887,0.3764566107355336,0.3764566107355336,0.01893205723711317,,400,20260823
a0.3_k0.5_none_p5,2000,5,600,0.3,0.5,none,0.4,0.4472135954999579,fuller,0.37694065200860255,0.3764649576708334,0.3764649576708334,0.018931211862108884,,400,20260823
a0.3_k0.5_none_p5,2000,5,600,0.3,0.5,none,0.4,0.4472135954999579,bekker,14.28817295697502,2.3545804967991417,0.9700524515890703,14.25520552954598,,400,20260823
a0.3_k0.5_none_p5,2000,5,600,0.3,0.5,none,0.4,0.4472135954999579,jive,0.3668357010877955,0.36507991211192126,0.36507991211192126,0.035848143116851965,,400,20260823
a0.3_k0.5_none_p5,2000,5,600,0.3,0.5,none,0.4,0.4472135954999579,whiten,0.3668436500919798,0.36508829626333517,0.36508829626333517,0.03584410055144503,0.05,400,20260823
a0.3_k0.5_none_p5,2000,5,600,0.3,0.5,none,0.4,0.4472135954999579,pca_l,0.4103150904304336,0.38729091212146133,-0.3722789662307218,0.17253070664991788,0.0016666666666666668,400,20260823
a0.3_k0.5_none_p5,2000,5,600,0.3,0.5,none,0.4,0.4472135954999579,trunc_k1,0.39274875765829126,0.3926773675232733,-0.3926773675232733,0.0074881023713186685,0.2,400,20260823
a0.3_k0.5_none_p5,2000,5,600,0.3,0.5,none,0.4,0.4472135954999579,trunc_k2,0.27468833235659446,0.24592032445789502,-0.20463617078296553,0.18324223732571007,0.4,400,20260823
a0.3_k0.5_none_p5,2000,5,600,0.3,0.5,none,0.4,0.4472135954999579,trunc_k5,0.3668436500919798,0.36508829626333505,0.36508829626333505,0.0358441005514462,1.0,400,20260823
a0.3_k2.0_none_p1,1000,1,300,0.3,2.0,none,F>10,,0,400,20260823
a0.3_k2.0_none_p1,1000,1,300,0.3,2.0,none,KP_rk>10,0.94,400,400,20260823
a0.3_k2.0_none_p1,1000,1,300,0.3,2.0,none,spectral_env,,0,400,20260823
a0.3_k2.0_none_p1,1000,1,300,0.3,2.0,none,0.4,0.8944271909999159,tsls,0.2783248672728192,0.2772733174240062,0.2772733174240062,0.02417104025727324,,400,20260823
a0.3_k2.0_none_p1,1000,1,300,0.3,2.0,none,0.4,0.8944271909999159,liml,0.5112613092683727,0.5109954525483613,0.5109954525483613,0.016485564282304726,,400,20260823
a0.3_k2.0_none_p1,1000,1,300,0.3,2.0,none,0.4,0.8944271909999159,fuller,0.5115080794749369,0.5112423646247052,0.5112423646247052,0.016485144254096407,,400,20260823
a0.3_k2.0_none_p1,1000,1,300,0.3,2.0,none,0.4,0.8944271909999159,bekker,0.05799327818167169,0.04613633245699983,-0.0038560818086579634,0.057864937115162364,,400,20260823
a0.3_k2.0_none_p1,1000,1,300,0.3,2.0,none,0.4,0.8944271909999159,jive,0.27832967917478574,0.2772787818319602,0.2772787818319602,0.024163763269064307,,400,20260823
a0.3_k2.0_none_p1,1000,1,300,0.3,2.0,none,0.4,0.8944271909999159,whiten,0.2783248672728192,0.2772733174240062,0.2772733174240062,0.02417104025727324,0.05,400,20260823
a0.3_k2.0_none_p1,1000,1,300,0.3,2.0,none,0.4,0.8944271909999159,pca_l,19.961397998980434,2.7137378362671982,0.34252050660717664,19.95845910325378,0.0033333333333333335,400,20260823
a0.3_k2.0_none_p1,1000,1,300,0.3,2.0,none,0.4,0.8944271909999159,trunc_k1,0.2783248672728192,0.2772733174240061,0.2772733174240061,0.024171040257273815,1.0,400,20260823
a0.3_k2.0_none_p5,2000,5,600,0.3,2.0,none,F>10,0.0,400,400,20260823
a0.3_k2.0_none_p5,2000,5,600,0.3,2.0,none,KP_rk>10,0.0,400,400,20260823
a0.3_k2.0_none_p5,2000,5,600,0.3,2.0,none,spectral_env,0.0,400,400,20260823
a0.3_k2.0_none_p5,2000,5,600,0.3,2.0,none,0.4,0.8944271909999159,tsls,0.7315405351283504,0.7312084532639902,0.7312084532639902,0.022039791540673363,,400,20260823
a0.3_k2.0_none_p5,2000,5,600,0.3,2.0,none,0.4,0.8944271909999159,liml,0.7552961583766693,0.7552022674516552,0.7552022674516552,0.011908908196529339,,400,20260823
a0.3_k2.0_none_p5,2000,5,600,0.3,2.0,none,0.4,0.8944271909999159,fuller,0.7553124687597493,0.755218593528856,0.755218593528856,0.011908041494882794,,400,20260823
a0.3_k2.0_none_p5,2000,5,600,0.3,2.0,none,0.4,0.8944271909999159,bekker,13.924601671016411,2.585397136933584,0.3622817817893464,13.919888060148205,,400,20260823
a0.3_k2.0_none_p5,2000,5,600,0.3,2.0,none,0.4,0.8944271909999159,jive,0.7315395692014588,0.7312060291627402,0.7312060291627402,0.0220881014012945,,400,20260823
a0.3_k2.0_none_p5,2000,5,600,0.3,2.0,none,0.4,0.8944271909999159,whiten,0.7315405351283504,0.7312084532639902,0.7312084532639902,0.022039791540673363,0.05,400,20260823
a0.3_k2.0_none_p5,2000,5,600,0.3,2.0,none,0.4,0.8944271909999159,pca_l,0.39119768369401947,0.3656366747907316,-0.3253635566502541,0.21719618719365902,0.0016666666666666668,400,20260823
a0.3_k2.0_none_p5,2000,5,600,0.3,2.0,none,0.4,0.8944271909999159,trunc_k1,0.3846336114334011,0.38454511093830634,-0.38454511093830634,0.008250618022078831,0.2,400,20260823
a0.3_k2.0_none_p5,2000,5,600,0.3,2.0,none,0.4,0.8944271909999159,trunc_k2,0.290539800081524,0.25610727467646227,-0.10424677728341589,0.2711936298245846,0.4,400,20260823
a0.3_k2.0_none_p5,2000,5,600,0.3,2.0,none,0.4,0.8944271909999159,trunc_k5,0.7315405351283504,0.7312084532639901,0.7312084532639901,0.022039791540675882,1.0,400,20260823
a0.5_k0.5_none_p1,1000,1,500,0.5,0.5,none,F>10,,0,400,20260823
a0.5_k0.5_none_p1,1000,1,500,0.5,0.5,none,KP_rk>10,0.95,400,400,20260823
a0.5_k0.5_none_p1,1000,1,500,0.5,0.5,none,spectral_env,,0,400,20260823
a0.5_k0.5_none_p1,1000,1,500,0.5,0.5,none,0.4,0.4472135954999579,tsls,0.19223473696323995,0.1900959382639027,0.1900959382639027,0.0285959499036584,,400,20260823
a0.5_k0.5_none_p1,1000,1,500,0.5,0.5,none,0.4,0.4472135954999579,liml,0.2521320348467778,0.2509994020425536,0.2509994020425536,0.02387180701700912,,400,20260823
a0.5_k0.5_none_p1,1000,1,500,0.5,0.5,none,0.4,0.4472135954999579,fuller,0.25225825459512674,0.2511264632515402,0.2511264632515402,0.02386894354915238,,400,20260823
a0.5_k0.5_none_p1,1000,1,500,0.5,0.5,none,0.4,0.4472135954999579,bekker,0.06967539550227539,0.05464165305687404,-0.005142632974528169,0.06948535143818295,,400,20260823
a0.5_k0.5_none_p1,1000,1,500,0.5,0.5,none,0.4,0.4472135954999579,jive,0.19228398019299053,0.1901465338699608,0.1901465338699608,0.02859064000854519,,400,20260823
a0.5_k0.5_none_p1,1000,1,500,0.5,0.5,none,0.4,0.4472135954999579,whiten,0.19223473696323992,0.1900959382639027,0.1900959382639027,0.02859594990365828,0.05,400,20260823
a0.5_k0.5_none_p1,1000,1,500,0.5,0.5,none,0.4,0.4472135954999579,pca_l,36.05849568490063,3.3049385247493266,-1.7852511855899822,36.014274798506584,0.002,400,20260823
a0.5_k0.5_none_p1,1000,1,500,0.5,0.5,none,0.4,0.4472135954999579,trunc_k1,0.1922347369632399,0.19009593826390264,0.19009593826390264,0.0285959499036584,1.0,400,20260823
a0.5_k0.5_none_p5,2000,5,1000,0.5,0.5,none,F>10,,0,400,20260823
a0.5_k0.5_none_p5,2000,5,1000,0.5,0.5,none,KP_rk>10,0.0,400,400,20260823
a0.5_k0.5_none_p5,2000,5,1000,0.5,0.5,none,spectral_env,,0,400,20260823
a0.5_k0.5_none_p5,2000,5,1000,0.5,0.5,none,0.4,0.4472135954999579,tsls,0.3694624367837928,0.3685075905752089,0.3685075905752089,0.02654520451366549,,400,20260823
a0.5_k0.5_none_p5,2000,5,1000,0.5,0.5,none,0.4,0.4472135954999579,liml,0.3765864016846552,0.3761091536211778,0.3761091536211778,0.018953165861082904,,400,20260823
a0.5_k0.5_none_p5,2000,5,1000,0.5,0.5,none,0.4,0.4472135954999579,fuller,0.3765941576412541,0.3761169632261127,0.3761169632261127,0.018952296512368082,,400,20260823
a0.5_k0.5_none_p5,2000,5,1000,0.5,0.5,none,0.4,0.4472135954999579,bekker,44.429120360805896,3.9120532690426386,-1.973205628522104,44.385281294394716,,400,20260823
a0.5_k0.5_none_p5,2000,5,1000,0.5,0.5,none,0.4,0.4472135954999579,jive,0.36944125207707895,0.36848644651473095,0.36848644651473095,0.026543878225047023,,400,20260823
a0.5_k0.5_none_p5,2000,5,1000,0.5,0.5,none,0.4,0.4472135954999579,whiten,0.3694624367837929,0.36850759057520904,0.36850759057520904,0.026545204513664447,0.05,400,20260823
a0.5_k0.5_none_p5,2000,5,1000,0.5,0.5,none,0.4,0.4472135954999579,pca_l,0.4275516408638312,0.3958882219443256,-0.3651506233238477,0.22240824600621265,0.001,400,20260823
a0.5_k0.5_none_p5,2000,5,1000,0.5,0.5,none,0.4,0.4472135954999579,trunc_k1,0.388845664767052,0.3887610271712251,-0.3887610271712251,0.008112629715730834,0.2,400,20260823
a0.5_k0.5_none_p5,2000,5,1000,0.5,0.5,none,0.4,0.4472135954999579,trunc_k2,0.2729667265112127,0.247120278089102,-0.20025613056049424,0.18549478686794804,0.4,400,20260823
a0.5_k0.5_none_p5,2000,5,1000,0.5,0.5,none,0.4,0.4472135954999579,trunc_k5,0.3694624367837928,0.3685075905752089,0.3685075905752089,0.02654520451366549,1.0,400,20260823
a0.5_k2.0_none_p1,1000,1,500,0.5,2.0,none,F>10,,0,400,20260823
a0.5_k2.0_none_p1,1000,1,500,0.5,2.0,none,KP_rk>10,0.905,400,400,20260823
a0.5_k2.0_none_p1,1000,1,500,0.5,2.0,none,spectral_env,,0,400,20260823
a0.5_k2.0_none_p1,1000,1,500,0.5,2.0,none,0.4,0.8944271909999159,tsls,0.3831959209870684,0.38253228461783606,0.38253228461783606,0.022542517299237546,,400,20260823
a0.5_k2.0_none_p1,1000,1,500,0.5,2.0,none,0.4,0.8944271909999159,liml,0.523987223623855,0.5236843628749553,0.5236843628749553,0.017812877400575397,,400,20260823
a0.5_k2.0_none_p1,1000,1,500,0.5,2.0,none,0.4,0.8944271909999159,fuller,0.5242176365723832,0.5239149518424605,0.5239149518424605,0.017811617822294082,,400,20260823
a0.5_k2.0_none_p1,1000,1,500,0.5,2.0,none,0.4,0.8944271909999159,bekker,0.08452719801518124,0.06690970002931734,-0.009483220226403542,0.08399354581415878,,400,20260823
a0.5_k2.0_none_p1,1000,1,500,0.5,2.0,none,0.4,0.8944271909999159,jive,0.3832131205699199,0.3825479234220525,0.3825479234220525,0.022569494066358955,,400,20260823
a0.5_k2.0_none_p1,1000,1,500,0.5,2.0,none,0.4,0.8944271909999159,whiten,0.3831959209870684,0.38253228461783606,0.38253228461783606,0.022542517299237546,0.05,400,20260823
a0.5_k2.0_none_p1,1000,1,500,0.5,2.0,none,0.4,0.8944271909999159,pca_l,17.04951252585297,2.190559944423215,-0.7673579802706039,17.032235293681573,0.002,400,20260823
a0.5_k2.0_none_p1,1000,1,500,0.5,2.0,none,0.4,0.8944271909999159,trunc_k1,0.3831959209870684,0.38253228461783606,0.38253228461783606,0.022542517299237546,1.0,400,20260823
a0.5_k2.0_none_p5,2000,5,1000,0.5,2.0,none,F>10,,0,400,20260823
a0.5_k2.0_none_p5,2000,5,1000,0.5,2.0,none,KP_rk>10,0.0,400,400,20260823
a0.5_k2.0_none_p5,2000,5,1000,0.5,2.0,none,spectral_env,0.0,2,400,20260823
a0.5_k2.0_none_p5,2000,5,1000,0.5,2.0,none,0.4,0.8944271909999159,tsls,0.7385408919787756,0.7383648219576261,0.7383648219576261,0.016125719217714825,,400,20260823
a0.5_k2.0_none_p5,2000,5,1000,0.5,2.0,none,0.4,0.8944271909999159,liml,0.7560207560037367,0.7559340266299823,0.7559340266299823,0.01145123973388466,,400,20260823
a0.5_k2.0_none_p5,2000,5,1000,0.5,2.0,none,0.4,0.8944271909999159,fuller,0.7560372855605939,0.7559505687225451,0.7559505687225451,0.011450537362577595,,400,20260823
a0.5_k2.0_none_p5,2000,5,1000,0.5,2.0,none,0.4,0.8944271909999159,bekker,6.7877203958885675,1.85697067513967,0.7343178669815509,6.7478830341814104,,400,20260823
a0.5_k2.0_none_p5,2000,5,1000,0.5,2.0,none,0.4,0.8944271909999159,jive,0.7385898016513306,0.7384137259473894,0.7384137259473894,0.016126513443564767,,400,20260823
a0.5_k2.0_none_p5,2000,5,1000,0.5,2.0,none,0.4,0.8944271909999159,whiten,0.7385408919787756,0.7383648219576261,0.7383648219576261,0.016125719217714825,0.05,400,20260823
a0.5_k2.0_none_p5,2000,5,1000,0.5,2.0,none,0.4,0.8944271909999159,pca_l,0.3931317756557209,0.36647429727093916,-0.33965899311552106,0.19795040142917236,0.001,400,20260823
a0.5_k2.0_none_p5,2000,5,1000,0.5,2.0,none,0.4,0.8944271909999159,trunc_k1,0.37620705757403866,0.3760835181057597,-0.3760835181057597,0.00964041377279955,0.2,400,20260823
a0.5_k2.0_none_p5,2000,5,1000,0.5,2.0,none,0.4,0.8944271909999159,trunc_k2,0.2951624927453624,0.25804379735541694,-0.0821976460942905,0.2834862326466911,0.4,400,20260823
a0.5_k2.0_none_p5,2000,5,1000,0.5,2.0,none,0.4,0.8944271909999159,trunc_k5,0.7385408919787756,0.7383648219576263,0.7383648219576263,0.0161257192177045,1.0,400,20260823
a0.7_k0.5_none_p1,1000,1,699,0.7,0.5,none,F>10,,0,400,20260823
a0.7_k0.5_none_p1,1000,1,699,0.7,0.5,none,KP_rk>10,0.95,400,400,20260823
a0.7_k0.5_none_p1,1000,1,699,0.7,0.5,none,spectral_env,,0,400,20260823
a0.7_k0.5_none_p1,1000,1,699,0.7,0.5,none,0.4,0.4472135954999579,tsls,0.23109415465274227,0.22967467246177528,0.22967467246177528,0.025574462736131932,,400,20260823
a0.7_k0.5_none_p1,1000,1,699,0.7,0.5,none,0.4,0.4472135954999579,liml,0.2650446644074109,0.26405127179251187,0.26405127179251187,0.022925967713361823,,400,20260823
a0.7_k0.5_none_p1,1000,1,699,0.7,0.5,none,0.4,0.4472135954999579,fuller,0.2651588532365806,0.2641661204898953,0.2641661204898953,0.02292331204378248,,400,20260823
a0.7_k0.5_none_p1,1000,1,699,0.7,0.5,none,0.4,0.4472135954999579,bekker,0.09446520419545638,0.0724706995132669,-0.007514808034873282,0.09416582428826434,,400,20260823
a0.7_k0.5_none_p1,1000,1,699,0.7,0.5,none,0.4,0.4472135954999579,jive,0.23105211742063178,0.22963064218583273,0.22963064218583273,0.025590020200841362,,400,20260823
a0.7_k0.5_none_p1,1000,1,699,0.7,0.5,none,0.4,0.4472135954999579,whiten,0.23109415465274227,0.22967467246177528,0.22967467246177528,0.025574462736131932,0.05,400,20260823
a0.7_k0.5_none_p1,1000,1,699,0.7,0.5,none,0.4,0.4472135954999579,pca_l,6.729956468779805,1.7749096683372765,0.3029914406493935,6.723132473673589,0.001430615164520744,400,20260823
a0.7_k0.5_none_p1,1000,1,699,0.7,0.5,none,0.4,0.4472135954999579,trunc_k1,0.23109415465274225,0.2296746724617752,0.2296746724617752,0.025574462736132474,1.0,400,20260823
a0.7_k0.5_none_p5,2000,5,1399,0.7,0.5,none,F>10,,0,400,20260823
a0.7_k0.5_none_p5,2000,5,1399,0.7,0.5,none,KP_rk>10,0.0,400,400,20260823
a0.7_k0.5_none_p5,2000,5,1399,0.7,0.5,none,spectral_env,,0,400,20260823
a0.7_k0.5_none_p5,2000,5,1399,0.7,0.5,none,0.4,0.4472135954999579,tsls,0.37541389629192384,0.3747453742931701,0.3747453742931701,0.022394150462904137,,400,20260823
a0.7_k0.5_none_p5,2000,5,1399,0.7,0.5,none,0.4,0.4472135954999579,liml,0.38060630571239984,0.3801363060231742,0.3801363060231742,0.018908960603280754,,400,20260823
a0.7_k0.5_none_p5,2000,5,1399,0.7,0.5,none,0.4,0.4472135954999579,fuller,0.3806150417208936,0.380145039292449,0.380145039292449,0.018909232812040353,,400,20260823
a0.7_k0.5_none_p5,2000,5,1399,0.7,0.5,none,0.4,0.4472135954999579,bekker,2013.9149922054858,107.15514968451896,-104.69321763049513,2011.191916752898,,400,20260823
a0.7_k0.5_none_p5,2000,5,1399,0.7,0.5,none,0.4,0.4472135954999579,jive,0.37537073231485857,0.3747055534999052,0.3747055534999052,0.02233684970900975,,400,20260823
a0.7_k0.5_none_p5,2000,5,1399,0.7,0.5,none,0.4,0.4472135954999579,whiten,0.37541389629192373,0.37474537429316995,0.37474537429316995,0.022394150462905375,0.05,400,20260823
a0.7_k0.5_none_p5,2000,5,1399,0.7,0.5,none,0.4,0.4472135954999579,pca_l,0.42962157985921295,0.39374105332185094,-0.3634247675319051,0.22912254412236877,0.0007147962830593281,400,20260823
a0.7_k0.5_none_p5,2000,5,1399,0.7,0.5,none,0.4,0.4472135954999579,trunc_k1,0.3841884175977356,0.38407174641152536,-0.38407174641152536,0.009467514174958806,0.2,400,20260823
a0.7_k0.5_none_p5,2000,5,1399,0.7,0.5,none,0.4,0.4472135954999579,trunc_k2,0.2790361055410052,0.25242309368384985,-0.19762598316924354,0.19699014942854598,0.4,400,20260823
a0.7_k0.5_none_p5,2000,5,1399,0.7,0.5,none,0.4,0.4472135954999579,trunc_k5,0.3754138962919238,0.3747453742931701,0.3747453742931701,0.022394150462902898,1.0,400,20260823
a0.7_k2.0_none_p1,1000,1,699,0.7,2.0,none,F>10,,0,400,20260823
a0.7_k2.0_none_p1,1000,1,699,0.7,2.0,none,KP_rk>10,0.935,400,400,20260823
a0.7_k2.0_none_p1,1000,1,699,0.7,2.0,none,spectral_env,,0,400,20260823
a0.7_k2.0_none_p1,1000,1,699,0.7,2.0,none,0.4,0.8944271909999159,tsls,0.4600281773425396,0.4595934475063102,0.4595934475063102,0.019994673249731802,,400,20260823
a0.7_k2.0_none_p1,1000,1,699,0.7,2.0,none,0.4,0.8944271909999159,liml,0.5334288455445524,0.5331431784101448,0.5331431784101448,0.017455216232474976,,400,20260823
a0.7_k2.0_none_p1,1000,1,699,0.7,2.0,none,0.4,0.8944271909999159,fuller,0.533646295469412,0.5333608359216396,0.5333608359216396,0.01745243172732024,,400,20260823
a0.7_k2.0_none_p1,1000,1,699,0.7,2.0,none,0.4,0.8944271909999159,bekker,0.10972318241782766,0.08164443789200354,-0.0011055742999780116,0.10971761237542091,,400,20260823
a0.7_k2.0_none_p1,1000,1,699,0.7,2.0,none,0.4,0.8944271909999159,jive,0.46006399484348653,0.45962745548881934,0.45962745548881934,0.020037003573913557,,400,20260823
a0.7_k2.0_none_p1,1000,1,699,0.7,2.0,none,0.4,0.8944271909999159,whiten,0.4600281773425396,0.4595934475063101,0.4595934475063101,0.019994673249733884,0.05,400,20260823
a0.7_k2.0_none_p1,1000,1,699,0.7,2.0,none,0.4,0.8944271909999159,pca_l,11.421023995208433,1.7693019050028684,0.43850547854832483,11.41260277256726,0.001430615164520744,400,20260823
a0.7_k2.0_none_p1,1000,1,699,0.7,2.0,none,0.4,0.8944271909999159,trunc_k1,0.4600281773425396,0.4595934475063101,0.4595934475063101,0.019994673249733884,1.0,400,20260823
a0.7_k2.0_none_p5,2000,5,1399,0.7,2.0,none,F>10,,0,400,20260823
a0.7_k2.0_none_p5,2000,5,1399,0.7,2.0,none,KP_rk>10,0.0,400,400,20260823
a0.7_k2.0_none_p5,2000,5,1399,0.7,2.0,none,spectral_env,,0,400,20260823
a0.7_k2.0_none_p5,2000,5,1399,0.7,2.0,none,0.4,0.8944271909999159,tsls,0.7474810477072047,0.7473534295202903,0.7473534295202903,0.013811881324458899,,400,20260823
a0.7_k2.0_none_p5,2000,5,1399,0.7,2.0,none,0.4,0.8944271909999159,liml,0.7572273786834941,0.7571383994899297,0.7571383994899297,0.011608059514982517,,400,20260823
a0.7_k2.0_none_p5,2000,5,1399,0.7,2.0,none,0.4,0.8944271909999159,fuller,0.757243186344925,0.7571542173253298,0.7571542173253298,0.011607517059305593,,400,20260823
a0.7_k2.0_none_p5,2000,5,1399,0.7,2.0,none,0.4,0.8944271909999159,bekker,18.23549105682397,2.6978636229394635,2.019822763628235,18.123284748826197,,400,20260823
a0.7_k2.0_none_p5,2000,5,1399,0.7,2.0,none,0.4,0.8944271909999159,jive,0.7474975955216202,0.7473696444400408,0.7473696444400408,0.013830035436346394,,400,20260823
a0.7_k2.0_none_p5,2000,5,1399,0.7,2.0,none,0.4,0.8944271909999159,whiten,0.7474810477072047,0.7473534295202902,0.7473534295202902,0.013811881324462918,0.05,400,20260823
a0.7_k2.0_none_p5,2000,5,1399,0.7,2.0,none,0.4,0.8944271909999159,pca_l,0.404238604257215,0.3717114543182373,-0.32600794513533843,0.23901395122556215,0.0007147962830593281,400,20260823
a0.7_k2.0_none_p5,2000,5,1399,0.7,2.0,none,0.4,0.8944271909999159,trunc_k1,0.3700092177897947,0.36983478289292476,-0.36983478289292476,0.01136022059464153,0.2,400,20260823
a0.7_k2.0_none_p5,2000,5,1399,0.7,2.0,none,0.4,0.8944271909999159,trunc_k2,0.2923552156560716,0.25875451177278497,-0.08683580870161649,0.2791614487146182,0.4,400,20260823
a0.7_k2.0_none_p5,2000,5,1399,0.7,2.0,none,0.4,0.8944271909999159,trunc_k5,0.7474810477072046,0.7473534295202902,0.7473534295202902,0.013811881324458899,1.0,400,20260823
a0.9_k0.5_none_p1,1000,1,899,0.9,0.5,none,F>10,,0,400,20260823
a0.9_k0.5_none_p1,1000,1,899,0.9,0.5,none,KP_rk>10,0.9475,400,400,20260823
a0.9_k0.5_none_p1,1000,1,899,0.9,0.5,none,spectral_env,,0,400,20260823
a0.9_k0.5_none_p1,1000,1,899,0.9,0.5,none,0.4,0.4472135954999579,tsls,0.2573028439776649,0.2562561274566685,0.2562561274566685,0.02318513877263275,,400,20260823
a0.9_k0.5_none_p1,1000,1,899,0.9,0.5,none,0.4,0.4472135954999579,liml,0.2683816058503682,0.26740912619312396,0.26740912619312396,0.022826423010456388,,400,20260823
a0.9_k0.5_none_p1,1000,1,899,0.9,0.5,none,0.4,0.4472135954999579,fuller,0.26849111413354587,0.2675188034162538,0.2675188034162538,0.02282910833581815,,400,20260823
a0.9_k0.5_none_p1,1000,1,899,0.9,0.5,none,0.4,0.4472135954999579,bekker,0.22183104638477813,0.14031874111585177,-0.031774275808273786,0.21954363697685556,,400,20260823
a0.9_k0.5_none_p1,1000,1,899,0.9,0.5,none,0.4,0.4472135954999579,jive,0.257257498361412,0.25621112519535266,0.25621112519535266,0.023179296566186423,,400,20260823
a0.9_k0.5_none_p1,1000,1,899,0.9,0.5,none,0.4,0.4472135954999579,whiten,0.25730284397766484,0.2562561274566685,0.2562561274566685,0.023185138772632154,0.05,400,20260823
a0.9_k0.5_none_p1,1000,1,899,0.9,0.5,none,0.4,0.4472135954999579,pca_l,7.639726830135381,1.8711443006112198,-0.171328248074094,7.63780548786772,0.0011123470522803114,400,20260823
a0.9_k0.5_none_p1,1000,1,899,0.9,0.5,none,0.4,0.4472135954999579,trunc_k1,0.2573028439776649,0.2562561274566685,0.2562561274566685,0.02318513877263275,1.0,400,20260823
a0.9_k0.5_none_p5,2000,5,1799,0.9,0.5,none,F>10,,0,400,20260823
a0.9_k0.5_none_p5,2000,5,1799,0.9,0.5,none,KP_rk>10,0.0,400,400,20260823
a0.9_k0.5_none_p5,2000,5,1799,0.9,0.5,none,spectral_env,,0,400,20260823
a0.9_k0.5_none_p5,2000,5,1799,0.9,0.5,none,0.4,0.4472135954999579,tsls,0.3766357795310187,0.3761273300556263,0.3761273300556263,0.0195637932969062,,400,20260823
a0.9_k0.5_none_p5,2000,5,1799,0.9,0.5,none,0.4,0.4472135954999579,liml,0.37822105609316564,0.37776912307294497,0.37776912307294497,0.018483963993897887,,400,20260823
a0.9_k0.5_none_p5,2000,5,1799,0.9,0.5,none,0.4,0.4472135954999579,fuller,0.3782290858622151,0.3777771896868255,0.3777771896868255,0.01848340727493544,,400,20260823
a0.9_k0.5_none_p5,2000,5,1799,0.9,0.5,none,0.4,0.4472135954999579,bekker,5.89411134519538,1.9038830150122954,-0.19105713532051058,5.891013980683123,,400,20260823
a0.9_k0.5_none_p5,2000,5,1799,0.9,0.5,none,0.4,0.4472135954999579,jive,0.37669047080105966,0.3761796768680474,0.3761796768680474,0.019610239768433315,,400,20260823
a0.9_k0.5_none_p5,2000,5,1799,0.9,0.5,none,0.4,0.4472135954999579,whiten,0.3766357795310187,0.3761273300556263,0.3761273300556263,0.0195637932969062,0.05,400,20260823
a0.9_k0.5_none_p5,2000,5,1799,0.9,0.5,none,0.4,0.4472135954999579,pca_l,0.43155293606364914,0.39354091099009636,-0.3635664661079872,0.23250238998106193,0.0005558643690939411,400,20260823
a0.9_k0.5_none_p5,2000,5,1799,0.9,0.5,none,0.4,0.4472135954999579,trunc_k1,0.38086257893074094,0.3806020517617496,-0.3806020517617496,0.014084822488101967,0.2,400,20260823
a0.9_k0.5_none_p5,2000,5,1799,0.9,0.5,none,0.4,0.4472135954999579,trunc_k2,0.2665612878652571,0.23964293290958452,-0.19040849714104163,0.18654630632868185,0.4,400,20260823
a0.9_k0.5_none_p5,2000,5,1799,0.9,0.5,none,0.4,0.4472135954999579,trunc_k5,0.37663577953101873,0.3761273300556264,0.3761273300556264,0.019563793296905493,1.0,400,20260823
a0.9_k2.0_none_p1,1000,1,899,0.9,2.0,none,F>10,,0,400,20260823
a0.9_k2.0_none_p1,1000,1,899,0.9,2.0,none,KP_rk>10,0.955,400,400,20260823
a0.9_k2.0_none_p1,1000,1,899,0.9,2.0,none,spectral_env,,0,400,20260823
a0.9_k2.0_none_p1,1000,1,899,0.9,2.0,none,0.4,0.8944271909999159,tsls,0.5159126733679062,0.5156031927137599,0.5156031927137599,0.017867126377718215,,400,20260823
a0.9_k2.0_none_p1,1000,1,899,0.9,2.0,none,0.4,0.8944271909999159,liml,0.5384340164382717,0.5381548405004252,0.5381548405004252,0.017336600122601565,,400,20260823
a0.9_k2.0_none_p1,1000,1,899,0.9,2.0,none,0.4,0.8944271909999159,fuller,0.5386484055622826,0.5383693534430573,0.5383693534430573,0.017336207431089656,,400,20260823
a0.9_k2.0_none_p1,1000,1,899,0.9,2.0,none,0.4,0.8944271909999159,bekker,0.4075303592514951,0.18186103046125787,-0.05559556931485424,0.4037203566631362,,400,20260823
a0.9_k2.0_none_p1,1000,1,899,0.9,2.0,none,0.4,0.8944271909999159,jive,0.5159711405937208,0.5156597214452653,0.5156597214452653,0.017923995218050003,,400,20260823
a0.9_k2.0_none_p1,1000,1,899,0.9,2.0,none,0.4,0.8944271909999159,whiten,0.5159126733679062,0.5156031927137599,0.5156031927137599,0.017867126377718215,0.05,400,20260823
a0.9_k2.0_none_p1,1000,1,899,0.9,2.0,none,0.4,0.8944271909999159,pca_l,28.01173818531432,3.058924205001242,1.3269576500294644,27.98029055527524,0.0011123470522803114,400,20260823
a0.9_k2.0_none_p1,1000,1,899,0.9,2.0,none,0.4,0.8944271909999159,trunc_k1,0.5159126733679062,0.5156031927137599,0.5156031927137599,0.017867126377718215,1.0,400,20260823
a0.9_k2.0_none_p5,2000,5,1799,0.9,2.0,none,F>10,,0,400,20260823
a0.9_k2.0_none_p5,2000,5,1799,0.9,2.0,none,KP_rk>10,0.0,400,400,20260823
a0.9_k2.0_none_p5,2000,5,1799,0.9,2.0,none,spectral_env,,0,400,20260823
a0.9_k2.0_none_p5,2000,5,1799,0.9,2.0,none,0.4,0.8944271909999159,tsls,0.7537600202020048,0.7536664742683761,0.7536664742683761,0.011874915528201527,,400,20260823
a0.9_k2.0_none_p5,2000,5,1799,0.9,2.0,none,0.4,0.8944271909999159,liml,0.7569251980751862,0.75684358766906,0.75684358766906,0.011114822777969309,,400,20260823
a0.9_k2.0_none_p5,2000,5,1799,0.9,2.0,none,0.4,0.8944271909999159,fuller,0.7569408528417271,0.7568592554414324,0.7568592554414324,0.011114052069417471,,400,20260823
a0.9_k2.0_none_p5,2000,5,1799,0.9,2.0,none,0.4,0.8944271909999159,bekker,50.737628043068966,4.3250031743095745,2.8738029906838265,50.65617589008822,,400,20260823
a0.9_k2.0_none_p5,2000,5,1799,0.9,2.0,none,0.4,0.8944271909999159,jive,0.7537975549659253,0.7537035889815701,0.7537035889815701,0.011901841408270762,,400,20260823
a0.9_k2.0_none_p5,2000,5,1799,0.9,2.0,none,0.4,0.8944271909999159,whiten,0.7537600202020047,0.7536664742683761,0.7536664742683761,0.011874915528196852,0.05,400,20260823
a0.9_k2.0_none_p5,2000,5,1799,0.9,2.0,none,0.4,0.8944271909999159,pca_l,0.3941730522160141,0.36046212661601784,-0.31178000131648953,0.2411755084422512,0.0005558643690939411,400,20260823
a0.9_k2.0_none_p5,2000,5,1799,0.9,2.0,none,0.4,0.8944271909999159,trunc_k1,0.3608255256157258,0.36038448470953915,-0.36038448470953915,0.017834884818936154,0.2,400,20260823
a0.9_k2.0_none_p5,2000,5,1799,0.9,2.0,none,0.4,0.8944271909999159,trunc_k2,0.2933657228131563,0.25990235738412654,-0.09650012618650183,0.27704002051630533,0.4,400,20260823
a0.9_k2.0_none_p5,2000,5,1799,0.9,2.0,none,0.4,0.8944271909999159,trunc_k5,0.7537600202020048,0.7536664742683761,0.7536664742683761,0.011874915528201527,1.0,400,20260823
a0.1_k0.5_none_p1,1000,1,100,0.1,0.5,none,F>10,0.945,400,400,20260823
a0.1_k0.5_none_p1,1000,1,100,0.1,0.5,none,KP_rk>10,0.945,400,400,20260823
a0.1_k0.5_none_p1,1000,1,100,0.1,0.5,none,spectral_env,0.945,400,400,20260823
a0.1_k0.5_none_p1,1000,1,100,0.1,0.5,none,0.55,0.4472135954999579,tsls,0.04269689662946841,0.03560822126282684,0.03298756314000048,0.027108036813314106,,400,20260823
a0.1_k0.5_none_p1,1000,1,100,0.1,0.5,none,0.55,0.4472135954999579,liml,0.16069517920464732,0.1594055203515124,0.1594055203515124,0.020317989592410077,,400,20260823
a0.1_k0.5_none_p1,1000,1,100,0.1,0.5,none,0.55,0.4472135954999579,fuller,0.1608447695070052,0.1595567017491937,0.1595567017491937,0.020314989654943823,,400,20260823
a0.1_k0.5_none_p1,1000,1,100,0.1,0.5,none,0.55,0.4472135954999579,bekker,0.029994689642039753,0.024217763301743394,-0.0009521931882582172,0.02997957195916115,,400,20260823
a0.1_k0.5_none_p1,1000,1,100,0.1,0.5,none,0.55,0.4472135954999579,jive,0.042702523764837214,0.03560778152150238,0.03298598645452846,0.027118816963653706,,400,20260823
a0.1_k0.5_none_p1,1000,1,100,0.1,0.5,none,0.55,0.4472135954999579,whiten,0.042696896629468406,0.03560822126282683,0.032987563140000474,0.027108036813314102,0.05,400,20260823
a0.1_k0.5_none_p1,1000,1,100,0.1,0.5,none,0.55,0.4472135954999579,pca_l,118.85957449619697,6.7666071728979,6.053184011807779,118.70533860250849,0.01,400,20260823
a0.1_k0.5_none_p1,1000,1,100,0.1,0.5,none,0.55,0.4472135954999579,trunc_k1,0.04269689662946843,0.03560822126282685,0.03298756314000048,0.027108036813314126,1.0,400,20260823
a0.1_k0.5_none_p5,2000,5,200,0.1,0.5,none,F>10,0.0,400,400,20260823
a0.1_k0.5_none_p5,2000,5,200,0.1,0.5,none,KP_rk>10,0.0,400,400,20260823
a0.1_k0.5_none_p5,2000,5,200,0.1,0.5,none,spectral_env,0.0,400,400,20260823
a0.1_k0.5_none_p5,2000,5,200,0.1,0.5,none,0.55,0.4472135954999579,tsls,0.3645059701114798,0.36017891908930155,0.36017891908930155,0.055997754335092347,,400,20260823
a0.1_k0.5_none_p5,2000,5,200,0.1,0.5,none,0.55,0.4472135954999579,liml,0.37072694630881753,0.3702593678865127,0.3702593678865127,0.018613683454409186,,400,20260823
a0.1_k0.5_none_p5,2000,5,200,0.1,0.5,none,0.55,0.4472135954999579,fuller,0.37073251021196857,0.3702649462087544,0.3702649462087544,0.018613536394130638,,400,20260823
a0.1_k0.5_none_p5,2000,5,200,0.1,0.5,none,0.55,0.4472135954999579,bekker,3.9246890582560052,1.5395202291477457,0.38358730895773424,3.905898741698378,,400,20260823
a0.1_k0.5_none_p5,2000,5,200,0.1,0.5,none,0.55,0.4472135954999579,jive,0.3644858141578823,0.36015953060604633,0.36015953060604633,0.05599126035343979,,400,20260823
a0.1_k0.5_none_p5,2000,5,200,0.1,0.5,none,0.55,0.4472135954999579,whiten,0.3645059701114791,0.36017891908930083,0.36017891908930083,0.05599775433509284,0.05,400,20260823
a0.1_k0.5_none_p5,2000,5,200,0.1,0.5,none,0.55,0.4472135954999579,pca_l,0.41131745881863613,0.39547065444909485,-0.3848169466653686,0.14525140098519973,0.005,400,20260823
a0.1_k0.5_none_p5,2000,5,200,0.1,0.5,none,0.55,0.4472135954999579,trunc_k1,0.398536781102541,0.3985045195656318,-0.3985045195656318,0.005070875401705299,0.2,400,20260823
a0.1_k0.5_none_p5,2000,5,200,0.1,0.5,none,0.55,0.4472135954999579,trunc_k2,0.28268810836551245,0.25621087823901645,-0.2075815897512524,0.19189176690940768,0.4,400,20260823
a0.1_k0.5_none_p5,2000,5,200,0.1,0.5,none,0.55,0.4472135954999579,trunc_k5,0.3645059701114796,0.36017891908930133,0.36017891908930133,0.05599775433509284,1.0,400,20260823
a0.1_k2.0_none_p1,1000,1,100,0.1,2.0,none,F>10,0.945,400,400,20260823
a0.1_k2.0_none_p1,1000,1,100,0.1,2.0,none,KP_rk>10,0.945,400,400,20260823
a0.1_k2.0_none_p1,1000,1,100,0.1,2.0,none,spectral_env,0.945,400,400,20260823
a0.1_k2.0_none_p1,1000,1,100,0.1,2.0,none,0.55,0.8944271909999159,tsls,0.07183671139454496,0.06721578576737298,0.06720396017801702,0.025379929873320137,,400,20260823
a0.1_k2.0_none_p1,1000,1,100,0.1,2.0,none,0.55,0.8944271909999159,liml,0.37473403534672817,0.3743897852948571,0.3743897852948571,0.01605882667300718,,400,20260823
a0.1_k2.0_none_p1,1000,1,100,0.1,2.0,none,0.55,0.8944271909999159,fuller,0.37497901451135207,0.37463496837616916,0.37463496837616916,0.01605932108438916,,400,20260823
a0.1_k2.0_none_p1,1000,1,100,0.1,2.0,none,0.55,0.8944271909999159,bekker,0.030909655972702756,0.02467145959035648,-0.00023765141416398432,0.03090874235804791,,400,20260823
a0.1_k2.0_none_p1,1000,1,100,0.1,2.0,none,0.55,0.8944271909999159,jive,0.07183388495393045,0.06721245653638931,0.06720133903009304,0.02537887034792939,,400,20260823
a0.1_k2.0_none_p1,1000,1,100,0.1,2.0,none,0.55,0.8944271909999159,whiten,0.07183671139454495,0.06721578576737298,0.06720396017801702,0.025379929873320103,0.05,400,20260823
a0.1_k2.0_none_p1,1000,1,100,0.1,2.0,none,0.55,0.8944271909999159,pca_l,149.7438225939697,8.731327428368463,-6.893276736319662,149.58507659820475,0.01,400,20260823
a0.1_k2.0_none_p1,1000,1,100,0.1,2.0,none,0.55,0.8944271909999159,trunc_k1,0.07183671139454496,0.06721578576737298,0.06720396017801704,0.025379929873320103,1.0,400,20260823
a0.1_k2.0_none_p5,2000,5,200,0.1,2.0,none,F>10,0.0,400,400,20260823
a0.1_k2.0_none_p5,2000,5,200,0.1,2.0,none,KP_rk>10,0.0,400,400,20260823
a0.1_k2.0_none_p5,2000,5,200,0.1,2.0,none,spectral_env,0.0,400,400,20260823
a0.1_k2.0_none_p5,2000,5,200,0.1,2.0,none,0.55,0.8944271909999159,tsls,0.717414125286391,0.7163197265112933,0.7163197265112933,0.03961157117842748,,400,20260823
a0.1_k2.0_none_p5,2000,5,200,0.1,2.0,none,0.55,0.8944271909999159,liml,0.7391820832149206,0.7390969501579255,0.7390969501579255,0.011218307056003959,,400,20260823
a0.1_k2.0_none_p5,2000,5,200,0.1,2.0,none,0.55,0.8944271909999159,fuller,0.7391932009620835,0.73910807430296,0.73910807430296,0.011217969902851701,,400,20260823
a0.1_k2.0_none_p5,2000,5,200,0.1,2.0,none,0.55,0.8944271909999159,bekker,6.1468317347898696,1.726300431215771,0.5707919975133838,6.120272614140201,,400,20260823
a0.1_k2.0_none_p5,2000,5,200,0.1,2.0,none,0.55,0.8944271909999159,jive,0.717433693962087,0.7163400811407166,0.7163400811407166,0.039597896199130095,,400,20260823
a0.1_k2.0_none_p5,2000,5,200,0.1,2.0,none,0.55,0.8944271909999159,whiten,0.7174141252863899,0.7163197265112922,0.7163197265112922,0.03961157117842748,0.05,400,20260823
a0.1_k2.0_none_p5,2000,5,200,0.1,2.0,none,0.55,0.8944271909999159,pca_l,0.39998862130425,0.377256834534263,-0.35735802635452996,0.17968343878296017,0.005,400,20260823
a0.1_k2.0_none_p5,2000,5,200,0.1,2.0,none,0.55,0.8944271909999159,trunc_k1,0.39709060374559835,0.3970489272672681,-0.3970489272672681,0.005752993912342634,0.2,400,20260823
a0.1_k2.0_none_p5,2000,5,200,0.1,2.0,none,0.55,0.8944271909999159,trunc_k2,0.3138335753744852,0.27876506725915784,-0.12182418942594347,0.28922375404355105,0.4,400,20260823
a0.1_k2.0_none_p5,2000,5,200,0.1,2.0,none,0.55,0.8944271909999159,trunc_k5,0.7174141252863905,0.7163197265112927,0.7163197265112927,0.03961157117842748,1.0,400,20260823
a0.3_k0.5_none_p1,1000,1,300,0.3,0.5,none,F>10,,0,400,20260823
a0.3_k0.5_none_p1,1000,1,300,0.3,0.5,none,KP_rk>10,0.935,400,400,20260823
a0.3_k0.5_none_p1,1000,1,300,0.3,0.5,none,spectral_env,,0,400,20260823
a0.3_k0.5_none_p1,1000,1,300,0.3,0.5,none,0.55,0.4472135954999579,tsls,0.09181547829609614,0.0884302673995958,0.0884302673995958,0.024701616594403005,,400,20260823
a0.3_k0.5_none_p1,1000,1,300,0.3,0.5,none,0.55,0.4472135954999579,liml,0.17973791808386408,0.17857913132132672,0.17857913132132672,0.020376777312474746,,400,20260823
a0.3_k0.5_none_p1,1000,1,300,0.3,0.5,none,0.55,0.4472135954999579,fuller,0.17987016124932245,0.17871237723260336,0.17871237723260336,0.020375503226397564,,400,20260823
a0.3_k0.5_none_p1,1000,1,300,0.3,0.5,none,0.55,0.4472135954999579,bekker,0.03452647727551067,0.027106836619581666,-0.0003108824998463756,0.03452507762667079,,400,20260823
a0.3_k0.5_none_p1,1000,1,300,0.3,0.5,none,0.55,0.4472135954999579,jive,0.09182393136571376,0.08843632308712639,0.08843632308712639,0.02471135630200631,,400,20260823
a0.3_k0.5_none_p1,1000,1,300,0.3,0.5,none,0.55,0.4472135954999579,whiten,0.09181547829609615,0.0884302673995958,0.0884302673995958,0.02470161659440304,0.05,400,20260823
a0.3_k0.5_none_p1,1000,1,300,0.3,0.5,none,0.55,0.4472135954999579,pca_l,10.621749499788562,1.762248240399269,-1.0794786374415102,10.566753915350068,0.0033333333333333335,400,20260823
a0.3_k0.5_none_p1,1000,1,300,0.3,0.5,none,0.55,0.4472135954999579,trunc_k1,0.09181547829609613,0.08843026739959577,0.08843026739959577,0.024701616594403075,1.0,400,20260823
a0.3_k0.5_none_p5,2000,5,600,0.3,0.5,none,F>10,0.0,400,400,20260823
a0.3_k0.5_none_p5,2000,5,600,0.3,0.5,none,KP_rk>10,0.0,400,400,20260823
a0.3_k0.5_none_p5,2000,5,600,0.3,0.5,none,spectral_env,0.0,400,400,20260823
a0.3_k0.5_none_p5,2000,5,600,0.3,0.5,none,0.55,0.4472135954999579,tsls,0.3636680683737278,0.3619044257317972,0.3619044257317972,0.035772204159325034,,400,20260823
a0.3_k0.5_none_p5,2000,5,600,0.3,0.5,none,0.55,0.4472135954999579,liml,0.3698690988677986,0.3693917248127774,0.3693917248127774,0.018785737598474312,,400,20260823
a0.3_k0.5_none_p5,2000,5,600,0.3,0.5,none,0.55,0.4472135954999579,fuller,0.3698745442826501,0.36939720182872526,0.36939720182872526,0.018785254573897077,,400,20260823
a0.3_k0.5_none_p5,2000,5,600,0.3,0.5,none,0.55,0.4472135954999579,bekker,3.7725460808414004,1.7199681127351667,0.1385999420864358,3.769999202669073,,400,20260823
a0.3_k0.5_none_p5,2000,5,600,0.3,0.5,none,0.55,0.4472135954999579,jive,0.3636589408099555,0.36189486438564783,0.36189486438564783,0.03577614236208604,,400,20260823
a0.3_k0.5_none_p5,2000,5,600,0.3,0.5,none,0.55,0.4472135954999579,whiten,0.363668068373728,0.3619044257317974,0.3619044257317974,0.03577220415932581,0.05,400,20260823
a0.3_k0.5_none_p5,2000,5,600,0.3,0.5,none,0.55,0.4472135954999579,pca_l,0.4083001317091583,0.38932800091717434,-0.37917337209879665,0.15144818072510322,0.0016666666666666668,400,20260823
a0.3_k0.5_none_p5,2000,5,600,0.3,0.5,none,0.55,0.4472135954999579,trunc_k1,0.39589803984570476,0.3958662081298112,-0.3958662081298112,0.005020280330442823,0.2,400,20260823
a0.3_k0.5_none_p5,2000,5,600,0.3,0.5,none,0.55,0.4472135954999579,trunc_k2,0.27706672444939356,0.24810389639742653,-0.20768940050237242,0.18338779325811555,0.4,400,20260823
a0.3_k0.5_none_p5,2000,5,600,0.3,0.5,none,0.55,0.4472135954999579,trunc_k5,0.36366806837372767,0.3619044257317971,0.3619044257317971,0.035772204159325034,1.0,400,20260823
a0.3_k2.0_none_p1,1000,1,300,0.3,2.0,none,F>10,,0,400,20260823
a0.3_k2.0_none_p1,1000,1,300,0.3,2.0,none,KP_rk>10,0.965,400,400,20260823
a0.3_k2.0_none_p1,1000,1,300,0.3,2.0,none,spectral_env,,0,400,20260823
a0.3_k2.0_none_p1,1000,1,300,0.3,2.0,none,0.55,0.8944271909999159,tsls,0.17747517964750661,0.17620815966012174,0.17620815966012174,0.021168936206332905,,400,20260823
a0.3_k2.0_none_p1,1000,1,300,0.3,2.0,none,0.55,0.8944271909999159,liml,0.38749773521031444,0.38717228777821766,0.38717228777821766,0.01587810976482905,,400,20260823
a0.3_k2.0_none_p1,1000,1,300,0.3,2.0,none,0.55,0.8944271909999159,fuller,0.387733299388863,0.38740802657966467,0.38740802657966467,0.015878677420474045,,400,20260823
a0.3_k2.0_none_p1,1000,1,300,0.3,2.0,none,0.55,0.8944271909999159,bekker,0.036668257278078736,0.029516647231060844,-0.0013552899661225131,0.036643202383513124,,400,20260823
a0.3_k2.0_none_p1,1000,1,300,0.3,2.0,none,0.55,0.8944271909999159,jive,0.177477872794025,0.1762118389962633,0.1762118389962633,0.021160886773646706,,400,20260823
a0.3_k2.0_none_p1,1000,1,300,0.3,2.0,none,0.55,0.8944271909999159,whiten,0.17747517964750661,0.17620815966012174,0.17620815966012174,0.021168936206332905,0.05,400,20260823
a0.3_k2.0_none_p1,1000,1,300,0.3,2.0,none,0.55,0.8944271909999159,pca_l,24.899860913517394,2.5511381415638494,0.7925349113648373,24.887244964575313,0.0033333333333333335,400,20260823
a0.3_k2.0_none_p1,1000,1,300,0.3,2.0,none,0.55,0.8944271909999159,trunc_k1,0.17747517964750661,0.17620815966012174,0.17620815966012174,0.021168936206332905,1.0,400,20260823
a0.3_k2.0_none_p5,2000,5,600,0.3,2.0,none,F>10,0.0,400,400,20260823
a0.3_k2.0_none_p5,2000,5,600,0.3,2.0,none,KP_rk>10,0.0,400,400,20260823
a0.3_k2.0_none_p5,2000,5,600,0.3,2.0,none,spectral_env,0.0,400,400,20260823
a0.3_k2.0_none_p5,2000,5,600,0.3,2.0,none,0.55,0.8944271909999159,tsls,0.7252163905818035,0.7248767963522289,0.7248767963522289,0.022191063035111595,,400,20260823
a0.3_k2.0_none_p5,2000,5,600,0.3,2.0,none,0.55,0.8944271909999159,liml,0.7405543188145763,0.7404570332966994,0.7404570332966994,0.012003372708191245,,400,20260823
a0.3_k2.0_none_p5,2000,5,600,0.3,2.0,none,0.55,0.8944271909999159,fuller,0.7405651611370416,0.7404678871635691,0.7404678871635691,0.012002748412437347,,400,20260823
a0.3_k2.0_none_p5,2000,5,600,0.3,2.0,none,0.55,0.8944271909999159,bekker,54.76145287944722,4.440869939536515,-1.7975787760652775,54.73194160644913,,400,20260823
a0.3_k2.0_none_p5,2000,5,600,0.3,2.0,none,0.55,0.8944271909999159,jive,0.7252165060916917,0.7248753654579084,0.7248753654579084,0.022241521083424864,,400,20260823
a0.3_k2.0_none_p5,2000,5,600,0.3,2.0,none,0.55,0.8944271909999159,whiten,0.7252163905818036,0.7248767963522291,0.7248767963522291,0.022191063035109093,0.05,400,20260823
a0.3_k2.0_none_p5,2000,5,600,0.3,2.0,none,0.55,0.8944271909999159,pca_l,0.3917749414336646,0.3684903623891102,-0.3326617088405104,0.20693910265259874,0.0016666666666666668,400,20260823
a0.3_k2.0_none_p5,2000,5,600,0.3,2.0,none,0.55,0.8944271909999159,trunc_k1,0.39125121508480276,0.39121396453884677,-0.39121396453884677,0.00539881979070735,0.2,400,20260823
a0.3_k2.0_none_p5,2000,5,600,0.3,2.0,none,0.55,0.8944271909999159,trunc_k2,0.2929217316814106,0.2587559639880154,-0.11097579776714586,0.2710858041306882,0.4,400,20260823
a0.3_k2.0_none_p5,2000,5,600,0.3,2.0,none,0.55,0.8944271909999159,trunc_k5,0.7252163905818038,0.7248767963522293,0.7248767963522293,0.02219106303510409,1.0,400,20260823
a0.5_k0.5_none_p1,1000,1,500,0.5,0.5,none,F>10,,0,400,20260823
a0.5_k0.5_none_p1,1000,1,500,0.5,0.5,none,KP_rk>10,0.95,400,400,20260823
a0.5_k0.5_none_p1,1000,1,500,0.5,0.5,none,spectral_env,,0,400,20260823
a0.5_k0.5_none_p1,1000,1,500,0.5,0.5,none,0.55,0.4472135954999579,tsls,0.1309650991849239,0.12883408291669743,0.12883408291669743,0.023529476907285688,,400,20260823
a0.5_k0.5_none_p1,1000,1,500,0.5,0.5,none,0.55,0.4472135954999579,liml,0.18995346195324597,0.18883863674056106,0.18883863674056106,0.020549622429370615,,400,20260823
a0.5_k0.5_none_p1,1000,1,500,0.5,0.5,none,0.55,0.4472135954999579,fuller,0.19007365974423013,0.18895965450019353,0.18895965450019353,0.020548603352365885,,400,20260823
a0.5_k0.5_none_p1,1000,1,500,0.5,0.5,none,0.55,0.4472135954999579,bekker,0.04226039337178009,0.03329540279163262,-0.0021848708365608182,0.04220387644950569,,400,20260823
a0.5_k0.5_none_p1,1000,1,500,0.5,0.5,none,0.55,0.4472135954999579,jive,0.13099811019478202,0.12886880333433917,0.12886880333433917,0.02352310357456402,,400,20260823
a0.5_k0.5_none_p1,1000,1,500,0.5,0.5,none,0.55,0.4472135954999579,whiten,0.13096509918492388,0.12883408291669737,0.12883408291669737,0.023529476907285834,0.05,400,20260823
a0.5_k0.5_none_p1,1000,1,500,0.5,0.5,none,0.55,0.4472135954999579,pca_l,4.721881872319959,1.3451106380551574,0.23139181794372862,4.716208884552564,0.002,400,20260823
a0.5_k0.5_none_p1,1000,1,500,0.5,0.5,none,0.55,0.4472135954999579,trunc_k1,0.1309650991849239,0.12883408291669743,0.12883408291669743,0.023529476907285688,1.0,400,20260823
a0.5_k0.5_none_p5,2000,5,1000,0.5,0.5,none,F>10,0.0,400,400,20260823
a0.5_k0.5_none_p5,2000,5,1000,0.5,0.5,none,KP_rk>10,0.0,400,400,20260823
a0.5_k0.5_none_p5,2000,5,1000,0.5,0.5,none,spectral_env,0.0,400,400,20260823
a0.5_k0.5_none_p5,2000,5,1000,0.5,0.5,none,0.55,0.4472135954999579,tsls,0.36466426588782114,0.36371217585333027,0.36371217585333027,0.02633400751005531,,400,20260823
a0.5_k0.5_none_p5,2000,5,1000,0.5,0.5,none,0.55,0.4472135954999579,liml,0.3691705633028049,0.3686946930498156,0.3686946930498156,0.018738413118845436,,400,20260823
a0.5_k0.5_none_p5,2000,5,1000,0.5,0.5,none,0.55,0.4472135954999579,fuller,0.3691756957070046,0.36869986046856384,0.36869986046856384,0.018737854498645894,,400,20260823
a0.5_k0.5_none_p5,2000,5,1000,0.5,0.5,none,0.55,0.4472135954999579,bekker,25.786694094201497,3.20543970172555,2.257395937428005,25.68769658590684,,400,20260823
a0.5_k0.5_none_p5,2000,5,1000,0.5,0.5,none,0.55,0.4472135954999579,jive,0.36464248212616207,0.36369041349995584,0.36369041349995584,0.026332924246265512,,400,20260823
a0.5_k0.5_none_p5,2000,5,1000,0.5,0.5,none,0.55,0.4472135954999579,whiten,0.36466426588782114,0.3637121758533302,0.3637121758533302,0.026334007510056365,0.05,400,20260823
a0.5_k0.5_none_p5,2000,5,1000,0.5,0.5,none,0.55,0.4472135954999579,pca_l,0.4194509826704356,0.3946667720866266,-0.37382824803165016,0.19024081538087753,0.001,400,20260823
a0.5_k0.5_none_p5,2000,5,1000,0.5,0.5,none,0.55,0.4472135954999579,trunc_k1,0.39357632002666454,0.3935399139597432,-0.3935399139597432,0.005353111832325653,0.2,400,20260823
a0.5_k0.5_none_p5,2000,5,1000,0.5,0.5,none,0.55,0.4472135954999579,trunc_k2,0.276366745952598,0.25006929725808863,-0.20499623052609173,0.18535135213567044,0.4,400,20260823
a0.5_k0.5_none_p5,2000,5,1000,0.5,0.5,none,0.55,0.4472135954999579,trunc_k5,0.36466426588782114,0.3637121758533302,0.3637121758533302,0.026334007510056365,1.0,400,20260823
a0.5_k2.0_none_p1,1000,1,500,0.5,2.0,none,F>10,,0,400,20260823
a0.5_k2.0_none_p1,1000,1,500,0.5,2.0,none,KP_rk>10,0.93,400,400,20260823
a0.5_k2.0_none_p1,1000,1,500,0.5,2.0,none,spectral_env,,0,400,20260823
a0.5_k2.0_none_p1,1000,1,500,0.5,2.0,none,0.55,0.8944271909999159,tsls,0.2592184122514877,0.25845540753237517,0.25845540753237517,0.019874294137304137,,400,20260823
a0.5_k2.0_none_p1,1000,1,500,0.5,2.0,none,0.55,0.8944271909999159,liml,0.39430027003267687,0.3939466632168738,0.3939466632168738,0.016695193563804542,,400,20260823
a0.5_k2.0_none_p1,1000,1,500,0.5,2.0,none,0.55,0.8944271909999159,fuller,0.39452906821849965,0.39417564416006984,0.39417564416006984,0.016695724612952215,,400,20260823
a0.5_k2.0_none_p1,1000,1,500,0.5,2.0,none,0.55,0.8944271909999159,bekker,0.04908931317215063,0.039518038747396386,-0.004416641389450285,0.04889022342504149,,400,20260823
a0.5_k2.0_none_p1,1000,1,500,0.5,2.0,none,0.55,0.8944271909999159,jive,0.2592343165057665,0.2584690442343504,0.2584690442343504,0.019904372052223233,,400,20260823
a0.5_k2.0_none_p1,1000,1,500,0.5,2.0,none,0.55,0.8944271909999159,whiten,0.2592184122514877,0.25845540753237517,0.25845540753237517,0.019874294137304137,0.05,400,20260823
a0.5_k2.0_none_p1,1000,1,500,0.5,2.0,none,0.55,0.8944271909999159,pca_l,17.82682609809162,2.208504550720384,0.2760788003026722,17.824688194401155,0.002,400,20260823
a0.5_k2.0_none_p1,1000,1,500,0.5,2.0,none,0.55,0.8944271909999159,trunc_k1,0.2592184122514877,0.25845540753237517,0.25845540753237517,0.019874294137304137,1.0,400,20260823
a0.5_k2.0_none_p5,2000,5,1000,0.5,2.0,none,F>10,0.0,400,400,20260823
a0.5_k2.0_none_p5,2000,5,1000,0.5,2.0,none,KP_rk>10,0.0,400,400,20260823
a0.5_k2.0_none_p5,2000,5,1000,0.5,2.0,none,spectral_env,0.0,400,400,20260823
a0.5_k2.0_none_p5,2000,5,1000,0.5,2.0,none,0.55,0.8944271909999159,tsls,0.728751288162414,0.7285709315017428,0.7285709315017428,0.01621227217451157,,400,20260823
a0.5_k2.0_none_p5,2000,5,1000,0.5,2.0,none,0.55,0.8944271909999159,liml,0.7405839449263654,0.7404941822475487,0.7404941822475487,0.011530201222524704,,400,20260823
a0.5_k2.0_none_p5,2000,5,1000,0.5,2.0,none,0.55,0.8944271909999159,fuller,0.7405951935901318,0.7405054393519862,0.7405054393519862,0.011529746698286223,,400,20260823
a0.5_k2.0_none_p5,2000,5,1000,0.5,2.0,none,0.55,0.8944271909999159,bekker,7.042836494665922,1.811862858370518,0.4674381408420739,7.02730727057557,,400,20260823
a0.5_k2.0_none_p5,2000,5,1000,0.5,2.0,none,0.55,0.8944271909999159,jive,0.7288011011852401,0.7286207066124536,0.7286207066124536,0.0162145300390565,,400,20260823
a0.5_k2.0_none_p5,2000,5,1000,0.5,2.0,none,0.55,0.8944271909999159,whiten,0.7287512881624142,0.7285709315017429,0.7285709315017429,0.01621227217451842,0.05,400,20260823
a0.5_k2.0_none_p5,2000,5,1000,0.5,2.0,none,0.55,0.8944271909999159,pca_l,0.3952767264967121,0.37392522423072966,-0.3545617667195121,0.1747273421382435,0.001,400,20260823
a0.5_k2.0_none_p5,2000,5,1000,0.5,2.0,none,0.55,0.8944271909999159,trunc_k1,0.3861537436181881,0.38610633533233896,-0.38610633533233896,0.006050745951763082,0.2,400,20260823
a0.5_k2.0_none_p5,2000,5,1000,0.5,2.0,none,0.55,0.8944271909999159,trunc_k2,0.29836881924588,0.2615645905248961,-0.09227056219999874,0.2837430098689248,0.4,400,20260823
a0.5_k2.0_none_p5,2000,5,1000,0.5,2.0,none,0.55,0.8944271909999159,trunc_k5,0.7287512881624142,0.7285709315017428,0.7285709315017428,0.016212272174521845,1.0,400,20260823
a0.7_k0.5_none_p1,1000,1,699,0.7,0.5,none,F>10,,0,400,20260823
a0.7_k0.5_none_p1,1000,1,699,0.7,0.5,none,KP_rk>10,0.9525,400,400,20260823
a0.7_k0.5_none_p1,1000,1,699,0.7,0.5,none,spectral_env,,0,400,20260823
a0.7_k0.5_none_p1,1000,1,699,0.7,0.5,none,0.55,0.4472135954999579,tsls,0.16456224766421068,0.16308428176445702,0.16308428176445702,0.022005690120244035,,400,20260823
a0.7_k0.5_none_p1,1000,1,699,0.7,0.5,none,0.55,0.4472135954999579,liml,0.19896962112893868,0.19793065134755877,0.19793065134755877,0.020306831100014786,,400,20260823
a0.7_k0.5_none_p1,1000,1,699,0.7,0.5,none,0.55,0.4472135954999579,fuller,0.19908405884687558,0.1980458200670188,0.1980458200670188,0.020305556897761524,,400,20260823
a0.7_k0.5_none_p1,1000,1,699,0.7,0.5,none,0.55,0.4472135954999579,bekker,0.05343751706661588,0.04136836563945771,-0.002769244649080157,0.05336571478316771,,400,20260823
a0.7_k0.5_none_p1,1000,1,699,0.7,0.5,none,0.55,0.4472135954999579,jive,0.16452964303723447,0.16305068990072855,0.16305068990072855,0.02201081463408962,,400,20260823
a0.7_k0.5_none_p1,1000,1,699,0.7,0.5,none,0.55,0.4472135954999579,whiten,0.1645622476642107,0.16308428176445705,0.16308428176445705,0.02200569012024396,0.05,400,20260823
a0.7_k0.5_none_p1,1000,1,699,0.7,0.5,none,0.55,0.4472135954999579,pca_l,7.790820467485054,1.698791431185092,0.5525000319766239,7.771205007670939,0.001430615164520744,400,20260823
a0.7_k0.5_none_p1,1000,1,699,0.7,0.5,none,0.55,0.4472135954999579,trunc_k1,0.16456224766421068,0.16308428176445702,0.16308428176445702,0.022005690120244035,1.0,400,20260823
a0.7_k0.5_none_p5,2000,5,1399,0.7,0.5,none,F>10,0.0,160,400,20260823
a0.7_k0.5_none_p5,2000,5,1399,0.7,0.5,none,KP_rk>10,0.0,400,400,20260823
a0.7_k0.5_none_p5,2000,5,1399,0.7,0.5,none,spectral_env,0.0,373,400,20260823
a0.7_k0.5_none_p5,2000,5,1399,0.7,0.5,none,0.55,0.4472135954999579,tsls,0.36904892120861466,0.3683806787068738,0.3683806787068738,0.02219868916637371,,400,20260823
a0.7_k0.5_none_p5,2000,5,1399,0.7,0.5,none,0.55,0.4472135954999579,liml,0.3726924602963477,0.37222415014212445,0.37222415014212445,0.018677580483507303,,400,20260823
a0.7_k0.5_none_p5,2000,5,1399,0.7,0.5,none,0.55,0.4472135954999579,fuller,0.37269859812094497,0.3722302713319063,0.3722302713319063,0.018678065892728052,,400,20260823
a0.7_k0.5_none_p5,2000,5,1399,0.7,0.5,none,0.55,0.4472135954999579,bekker,14.597182781437178,2.858144310214978,0.3506216103616176,14.592971241013032,,400,20260823
a0.7_k0.5_none_p5,2000,5,1399,0.7,0.5,none,0.55,0.4472135954999579,jive,0.36900639204593055,0.36834147732299444,0.36834147732299444,0.02214211946198848,,400,20260823
a0.7_k0.5_none_p5,2000,5,1399,0.7,0.5,none,0.55,0.4472135954999579,whiten,0.36904892120861477,0.3683806787068739,0.3683806787068739,0.02219868916637371,0.05,400,20260823
a0.7_k0.5_none_p5,2000,5,1399,0.7,0.5,none,0.55,0.4472135954999579,pca_l,0.42342386871456655,0.39184219843448603,-0.3700963808515476,0.20570960472908575,0.0007147962830593281,400,20260823
a0.7_k0.5_none_p5,2000,5,1399,0.7,0.5,none,0.55,0.4472135954999579,trunc_k1,0.39064536507758874,0.39060169685866586,-0.39060169685866586,0.005840861899880945,0.2,400,20260823
a0.7_k0.5_none_p5,2000,5,1399,0.7,0.5,none,0.55,0.4472135954999579,trunc_k2,0.28368653112184444,0.2567146364073755,-0.20409082899038286,0.19704055791121663,0.4,400,20260823
a0.7_k0.5_none_p5,2000,5,1399,0.7,0.5,none,0.55,0.4472135954999579,trunc_k5,0.3690489212086148,0.36838067870687397,0.36838067870687397,0.02219868916637371,1.0,400,20260823
a0.7_k2.0_none_p1,1000,1,699,0.7,2.0,none,F>10,,0,400,20260823
a0.7_k2.0_none_p1,1000,1,699,0.7,2.0,none,KP_rk>10,0.9375,400,400,20260823
a0.7_k2.0_none_p1,1000,1,699,0.7,2.0,none,spectral_env,,0,400,20260823
a0.7_k2.0_none_p1,1000,1,699,0.7,2.0,none,0.55,0.8944271909999159,tsls,0.32742572608938475,0.32690532522208604,0.32690532522208604,0.018453033533892552,,400,20260823
a0.7_k2.0_none_p1,1000,1,699,0.7,2.0,none,0.55,0.8944271909999159,liml,0.40091421608382055,0.4005697623340298,0.4005697623340298,0.016615479582704096,,400,20260823
a0.7_k2.0_none_p1,1000,1,699,0.7,2.0,none,0.55,0.8944271909999159,fuller,0.40113598878973816,0.40079177668492094,0.40079177668492094,0.01661424822450344,,400,20260823
a0.7_k2.0_none_p1,1000,1,699,0.7,2.0,none,0.55,0.8944271909999159,bekker,0.06086591865198404,0.04694162785939203,0.0018430912032661245,0.060838006773450276,,400,20260823
a0.7_k2.0_none_p1,1000,1,699,0.7,2.0,none,0.55,0.8944271909999159,jive,0.32745295562456683,0.32693128548543837,0.32693128548543837,0.018476274464927535,,400,20260823
a0.7_k2.0_none_p1,1000,1,699,0.7,2.0,none,0.55,0.8944271909999159,whiten,0.3274257260893848,0.32690532522208615,0.32690532522208615,0.0184530335338918,0.05,400,20260823
a0.7_k2.0_none_p1,1000,1,699,0.7,2.0,none,0.55,0.8944271909999159,pca_l,27.10757360121754,2.895751318428578,-1.3525352738974405,27.073810128577932,0.001430615164520744,400,20260823
a0.7_k2.0_none_p1,1000,1,699,0.7,2.0,none,0.55,0.8944271909999159,trunc_k1,0.3274257260893848,0.32690532522208615,0.32690532522208615,0.0184530335338918,1.0,400,20260823
a0.7_k2.0_none_p5,2000,5,1399,0.7,2.0,none,F>10,0.0,154,400,20260823
a0.7_k2.0_none_p5,2000,5,1399,0.7,2.0,none,KP_rk>10,0.0,400,400,20260823
a0.7_k2.0_none_p5,2000,5,1399,0.7,2.0,none,spectral_env,0.0,365,400,20260823
a0.7_k2.0_none_p5,2000,5,1399,0.7,2.0,none,0.55,0.8944271909999159,tsls,0.7348564044087121,0.7347226504246385,0.7347226504246385,0.014020058969033047,,400,20260823
a0.7_k2.0_none_p5,2000,5,1399,0.7,2.0,none,0.55,0.8944271909999159,liml,0.7413977062340189,0.7413035732717441,0.7413035732717441,0.011814019790423255,,400,20260823
a0.7_k2.0_none_p5,2000,5,1399,0.7,2.0,none,0.55,0.8944271909999159,fuller,0.7414084219070144,0.7413142959862895,0.7413142959862895,0.011813663318440056,,400,20260823
a0.7_k2.0_none_p5,2000,5,1399,0.7,2.0,none,0.55,0.8944271909999159,bekker,4.719249637401486,1.5190250612028635,1.0340351638513814,4.60457255562695,,400,20260823
a0.7_k2.0_none_p5,2000,5,1399,0.7,2.0,none,0.55,0.8944271909999159,jive,0.7348732143356955,0.734739094962373,0.734739094962373,0.014039354755476576,,400,20260823
a0.7_k2.0_none_p5,2000,5,1399,0.7,2.0,none,0.55,0.8944271909999159,whiten,0.7348564044087121,0.7347226504246385,0.7347226504246385,0.014020058969033047,0.05,400,20260823
a0.7_k2.0_none_p5,2000,5,1399,0.7,2.0,none,0.55,0.8944271909999159,pca_l,0.4104498404033156,0.38320241136711247,-0.3446026383559133,0.22297554378283482,0.0007147962830593281,400,20260823
a0.7_k2.0_none_p5,2000,5,1399,0.7,2.0,none,0.55,0.8944271909999159,trunc_k1,0.38230568488073025,0.3822432614884985,-0.3822432614884985,0.006908381775754706,0.2,400,20260823
a0.7_k2.0_none_p5,2000,5,1399,0.7,2.0,none,0.55,0.8944271909999159,trunc_k2,0.2965321766082976,0.2633558492794188,-0.09940256815251076,0.2793751263243385,0.4,400,20260823
a0.7_k2.0_none_p5,2000,5,1399,0.7,2.0,none,0.55,0.8944271909999159,trunc_k5,0.734856404408712,0.7347226504246384,0.7347226504246384,0.014020058969033047,1.0,400,20260823
a0.9_k0.5_none_p1,1000,1,899,0.9,0.5,none,F>10,,0,400,20260823
a0.9_k0.5_none_p1,1000,1,899,0.9,0.5,none,KP_rk>10,0.9475,400,400,20260823
a0.9_k0.5_none_p1,1000,1,899,0.9,0.5,none,spectral_env,,0,400,20260823
a0.9_k0.5_none_p1,1000,1,899,0.9,0.5,none,0.55,0.4472135954999579,tsls,0.190008228678433,0.1889368761583855,0.1889368761583855,0.020149039506303704,,400,20260823
a0.9_k0.5_none_p1,1000,1,899,0.9,0.5,none,0.55,0.4472135954999579,liml,0.20134231169407515,0.2003426503178142,0.2003426503178142,0.0200386861332806,,400,20260823
a0.9_k0.5_none_p1,1000,1,899,0.9,0.5,none,0.55,0.4472135954999579,fuller,0.20145427658253506,0.20045484897428992,0.20045484897428992,0.020041932942886507,,400,20260823
a0.9_k0.5_none_p1,1000,1,899,0.9,0.5,none,0.55,0.4472135954999579,bekker,0.09382407127823726,0.07063647236541998,-0.00848203950977951,0.0934398809769056,,400,20260823
a0.9_k0.5_none_p1,1000,1,899,0.9,0.5,none,0.55,0.4472135954999579,jive,0.18997378292436187,0.1889018731096101,0.1889018731096101,0.02015243246542039,,400,20260823
a0.9_k0.5_none_p1,1000,1,899,0.9,0.5,none,0.55,0.4472135954999579,whiten,0.19000822867843298,0.1889368761583855,0.1889368761583855,0.020149039506303534,0.05,400,20260823
a0.9_k0.5_none_p1,1000,1,899,0.9,0.5,none,0.55,0.4472135954999579,pca_l,1506.8156223887484,80.10353217792114,79.04874045371726,1504.7407140459356,0.0011123470522803114,400,20260823
a0.9_k0.5_none_p1,1000,1,899,0.9,0.5,none,0.55,0.4472135954999579,trunc_k1,0.190008228678433,0.1889368761583855,0.1889368761583855,0.020149039506303704,1.0,400,20260823
a0.9_k0.5_none_p5,2000,5,1799,0.9,0.5,none,F>10,0.0,11,400,20260823
a0.9_k0.5_none_p5,2000,5,1799,0.9,0.5,none,KP_rk>10,0.0,400,400,20260823
a0.9_k0.5_none_p5,2000,5,1799,0.9,0.5,none,spectral_env,0.0,59,400,20260823
a0.9_k0.5_none_p5,2000,5,1799,0.9,0.5,none,0.55,0.4472135954999579,tsls,0.369113004394305,0.36860106914626894,0.36860106914626894,0.01943352354097644,,400,20260823
a0.9_k0.5_none_p5,2000,5,1799,0.9,0.5,none,0.55,0.4472135954999579,liml,0.3701909218769525,0.3697385873285997,0.3697385873285997,0.018294689949802476,,400,20260823
a0.9_k0.5_none_p5,2000,5,1799,0.9,0.5,none,0.55,0.4472135954999579,fuller,0.3701964459274119,0.369744155306291,0.369744155306291,0.018293938726380386,,400,20260823
a0.9_k0.5_none_p5,2000,5,1799,0.9,0.5,none,0.55,0.4472135954999579,bekker,4.7859424394484105,1.7170624336235851,-0.05678993616117104,4.785605493233246,,400,20260823
a0.9_k0.5_none_p5,2000,5,1799,0.9,0.5,none,0.55,0.4472135954999579,jive,0.36916525124554134,0.36865080858772925,0.36865080858772925,0.019482403722258772,,400,20260823
a0.9_k0.5_none_p5,2000,5,1799,0.9,0.5,none,0.55,0.4472135954999579,whiten,0.369113004394305,0.36860106914626894,0.36860106914626894,0.01943352354097644,0.05,400,20260823
a0.9_k0.5_none_p5,2000,5,1799,0.9,0.5,none,0.55,0.4472135954999579,pca_l,0.4165231580992562,0.39213349309989454,-0.3730425614482715,0.18528569448581445,0.0005558643690939411,400,20260823
a0.9_k0.5_none_p5,2000,5,1799,0.9,0.5,none,0.55,0.4472135954999579,trunc_k1,0.38843628550873527,0.3883514588046733,-0.3883514588046733,0.008117409938264729,0.2,400,20260823
a0.9_k0.5_none_p5,2000,5,1799,0.9,0.5,none,0.55,0.4472135954999579,trunc_k2,0.2721389416351994,0.2448303155422965,-0.198095177327922,0.18659556338173106,0.4,400,20260823
a0.9_k0.5_none_p5,2000,5,1799,0.9,0.5,none,0.55,0.4472135954999579,trunc_k5,0.3691130043943049,0.3686010691462688,0.3686010691462688,0.019433523540977868,1.0,400,20260823
a0.9_k2.0_none_p1,1000,1,899,0.9,2.0,none,F>10,,0,400,20260823
a0.9_k2.0_none_p1,1000,1,899,0.9,2.0,none,KP_rk>10,0.96,400,400,20260823
a0.9_k2.0_none_p1,1000,1,899,0.9,2.0,none,spectral_env,,0,400,20260823
a0.9_k2.0_none_p1,1000,1,899,0.9,2.0,none,0.55,0.8944271909999159,tsls,0.38130446345193447,0.38092924744920653,0.38092924744920653,0.016911602116559107,,400,20260823
a0.9_k2.0_none_p1,1000,1,899,0.9,2.0,none,0.55,0.8944271909999159,liml,0.4044050590054705,0.40406550230202115,0.40406550230202115,0.016568693329089668,,400,20260823
a0.9_k2.0_none_p1,1000,1,899,0.9,2.0,none,0.55,0.8944271909999159,fuller,0.40462645727781094,0.40428705159261624,0.40428705159261624,0.016569545670940863,,400,20260823
a0.9_k2.0_none_p1,1000,1,899,0.9,2.0,none,0.55,0.8944271909999159,bekker,0.11585233603043997,0.08758973517469819,-0.011908288808382007,0.1152386932473904,,400,20260823
a0.9_k2.0_none_p1,1000,1,899,0.9,2.0,none,0.55,0.8944271909999159,jive,0.381350937506162,0.38097394876105184,0.38097394876105184,0.01695251905293558,,400,20260823
a0.9_k2.0_none_p1,1000,1,899,0.9,2.0,none,0.55,0.8944271909999159,whiten,0.38130446345193447,0.3809292474492064,0.3809292474492064,0.01691160211656157,0.05,400,20260823
a0.9_k2.0_none_p1,1000,1,899,0.9,2.0,none,0.55,0.8944271909999159,pca_l,3.6888114140612784,1.1122582408963426,-0.04658779018602368,3.688517212419423,0.0011123470522803114,400,20260823
a0.9_k2.0_none_p1,1000,1,899,0.9,2.0,none,0.55,0.8944271909999159,trunc_k1,0.38130446345193447,0.38092924744920653,0.38092924744920653,0.016911602116559107,1.0,400,20260823
a0.9_k2.0_none_p5,2000,5,1799,0.9,2.0,none,F>10,0.0,6,400,20260823
a0.9_k2.0_none_p5,2000,5,1799,0.9,2.0,none,KP_rk>10,0.0,400,400,20260823
a0.9_k2.0_none_p5,2000,5,1799,0.9,2.0,none,spectral_env,0.0,59,400,20260823
a0.9_k2.0_none_p5,2000,5,1799,0.9,2.0,none,0.55,0.8944271909999159,tsls,0.7387626855436475,0.7386655021551676,0.7386655021551676,0.011982548873940116,,400,20260823
a0.9_k2.0_none_p5,2000,5,1799,0.9,2.0,none,0.55,0.8944271909999159,liml,0.7408715284928271,0.7407868614084004,0.7407868614084004,0.01120034356568237,,400,20260823
a0.9_k2.0_none_p5,2000,5,1799,0.9,2.0,none,0.55,0.8944271909999159,fuller,0.7408820311814097,0.7407973755519732,0.7407973755519732,0.011199665298573,,400,20260823
a0.9_k2.0_none_p5,2000,5,1799,0.9,2.0,none,0.55,0.8944271909999159,bekker,6.351093614948668,1.867554692490726,0.6096345437664963,6.321766828101804,,400,20260823
a0.9_k2.0_none_p5,2000,5,1799,0.9,2.0,none,0.55,0.8944271909999159,jive,0.7388001909940539,0.7387025403951237,0.7387025403951237,0.01201162048356335,,400,20260823
a0.9_k2.0_none_p5,2000,5,1799,0.9,2.0,none,0.55,0.8944271909999159,whiten,0.7387626855436474,0.7386655021551674,0.7386655021551674,0.011982548873944747,0.05,400,20260823
a0.9_k2.0_none_p5,2000,5,1799,0.9,2.0,none,0.55,0.8944271909999159,pca_l,0.39750952697269554,0.36863005349869704,-0.32651382652596056,0.22672129393030357,0.0005558643690939411,400,20260823
a0.9_k2.0_none_p5,2000,5,1799,0.9,2.0,none,0.55,0.8944271909999159,trunc_k1,0.37640709297490027,0.3762784515662668,-0.3762784515662668,0.009840047190324944,0.2,400,20260823
a0.9_k2.0_none_p5,2000,5,1799,0.9,2.0,none,0.55,0.8944271909999159,trunc_k2,0.2991894984851144,0.2671202585743171,-0.1128513367665101,0.277090114933366,0.4,400,20260823
a0.9_k2.0_none_p5,2000,5,1799,0.9,2.0,none,0.55,0.8944271909999159,trunc_k5,0.7387626855436474,0.7386655021551674,0.7386655021551674,0.011982548873944747,1.0,400,20260823
a0.1_k0.5_none_p1,1000,1,100,0.1,0.5,none,F>10,0.605,400,400,20260823
a0.1_k0.5_none_p1,1000,1,100,0.1,0.5,none,KP_rk>10,0.605,400,400,20260823
a0.1_k0.5_none_p1,1000,1,100,0.1,0.5,none,spectral_env,0.605,400,400,20260823
a0.1_k0.5_none_p1,1000,1,100,0.1,0.5,none,0.72,0.4472135954999579,tsls,0.02508536369573507,0.020174804004146146,0.016300240818457813,0.019067711477982478,,400,20260823
a0.1_k0.5_none_p1,1000,1,100,0.1,0.5,none,0.72,0.4472135954999579,liml,0.10781707032952588,0.10659633245308762,0.10659633245308762,0.016178459815221844,,400,20260823
a0.1_k0.5_none_p1,1000,1,100,0.1,0.5,none,0.72,0.4472135954999579,fuller,0.1079165225164696,0.10669704041812597,0.10669704041812597,0.01617768209789288,,400,20260823
a0.1_k0.5_none_p1,1000,1,100,0.1,0.5,none,0.72,0.4472135954999579,bekker,0.020016560292983862,0.01609035970575491,-0.00046375578553562347,0.020011187284467668,,400,20260823
a0.1_k0.5_none_p1,1000,1,100,0.1,0.5,none,0.72,0.4472135954999579,jive,0.025088645966748153,0.0201761766263708,0.01629955099479132,0.019072618955272652,,400,20260823
a0.1_k0.5_none_p1,1000,1,100,0.1,0.5,none,0.72,0.4472135954999579,whiten,0.025085363695735077,0.020174804004146146,0.016300240818457806,0.019067711477982495,0.05,400,20260823
a0.1_k0.5_none_p1,1000,1,100,0.1,0.5,none,0.72,0.4472135954999579,pca_l,1.8549341604365206,0.5542450067391903,0.2084109552274325,1.8431889792681402,0.01,400,20260823
a0.1_k0.5_none_p1,1000,1,100,0.1,0.5,none,0.72,0.4472135954999579,trunc_k1,0.025085363695735066,0.020174804004146143,0.016300240818457806,0.01906771147798248,1.0,400,20260823
a0.1_k0.5_none_p5,2000,5,200,0.1,0.5,none,F>10,0.0,400,400,20260823
a0.1_k0.5_none_p5,2000,5,200,0.1,0.5,none,KP_rk>10,0.0,400,400,20260823
a0.1_k0.5_none_p5,2000,5,200,0.1,0.5,none,spectral_env,0.0,400,400,20260823
a0.1_k0.5_none_p5,2000,5,200,0.1,0.5,none,0.72,0.4472135954999579,tsls,0.3637284989344606,0.3593896896456965,0.3593896896456965,0.05601314054296382,,400,20260823
a0.1_k0.5_none_p5,2000,5,200,0.1,0.5,none,0.72,0.4472135954999579,liml,0.3654391247575898,0.364971727492947,0.364971727492947,0.01847679719018711,,400,20260823
a0.1_k0.5_none_p5,2000,5,200,0.1,0.5,none,0.72,0.4472135954999579,fuller,0.36544214859068,0.3649747573300817,0.3649747573300817,0.01847675508363429,,400,20260823
a0.1_k0.5_none_p5,2000,5,200,0.1,0.5,none,0.72,0.4472135954999579,bekker,4.636770806231031,1.583206830553249,0.4416720255927731,4.615687308660015,,400,20260823
a0.1_k0.5_none_p5,2000,5,200,0.1,0.5,none,0.72,0.4472135954999579,jive,0.36370786949408535,0.3593700650830378,0.3593700650830378,0.056005094894480585,,400,20260823
a0.1_k0.5_none_p5,2000,5,200,0.1,0.5,none,0.72,0.4472135954999579,whiten,0.36372849893446035,0.35938968964569623,0.35938968964569623,0.056013140542964315,0.05,400,20260823
a0.1_k0.5_none_p5,2000,5,200,0.1,0.5,none,0.72,0.4472135954999579,pca_l,0.40735995908879763,0.3954051674170174,-0.38772732257771564,0.12493862331378124,0.005,400,20260823
a0.1_k0.5_none_p5,2000,5,200,0.1,0.5,none,0.72,0.4472135954999579,trunc_k1,0.3992752947297081,0.3992623094963402,-0.3992623094963402,0.0032201237777331436,0.2,400,20260823
a0.1_k0.5_none_p5,2000,5,200,0.1,0.5,none,0.72,0.4472135954999579,trunc_k2,0.2832159105511435,0.25670108902566446,-0.2083308531719323,0.19185804024321756,0.4,400,20260823
a0.1_k0.5_none_p5,2000,5,200,0.1,0.5,none,0.72,0.4472135954999579,trunc_k5,0.36372849893446024,0.3593896896456961,0.3593896896456961,0.05601314054296407,1.0,400,20260823
a0.1_k2.0_none_p1,1000,1,100,0.1,2.0,none,F>10,0.845,400,400,20260823
a0.1_k2.0_none_p1,1000,1,100,0.1,2.0,none,KP_rk>10,0.845,400,400,20260823
a0.1_k2.0_none_p1,1000,1,100,0.1,2.0,none,spectral_env,0.845,400,400,20260823
a0.1_k2.0_none_p1,1000,1,100,0.1,2.0,none,0.72,0.8944271909999159,tsls,0.0382835029874244,0.03382509631993901,0.033463085546441514,0.018597002626758705,,400,20260823
a0.1_k2.0_none_p1,1000,1,100,0.1,2.0,none,0.72,0.8944271909999159,liml,0.2390492964603602,0.2386137083456289,0.2386137083456289,0.014424435092589305,,400,20260823
a0.1_k2.0_none_p1,1000,1,100,0.1,2.0,none,0.72,0.8944271909999159,fuller,0.23923447781575857,0.23879917153139504,0.23879917153139504,0.014425361406150252,,400,20260823
a0.1_k2.0_none_p1,1000,1,100,0.1,2.0,none,0.72,0.8944271909999159,bekker,0.020463369556190627,0.01641602750073659,0.0001687488468162479,0.020462673760286744,,400,20260823
a0.1_k2.0_none_p1,1000,1,100,0.1,2.0,none,0.72,0.8944271909999159,jive,0.0382821844183881,0.03382430256013893,0.03346177076585313,0.01859665402853355,,400,20260823
a0.1_k2.0_none_p1,1000,1,100,0.1,2.0,none,0.72,0.8944271909999159,whiten,0.038283502987424396,0.03382509631993901,0.03346308554644151,0.018597002626758705,0.05,400,20260823
a0.1_k2.0_none_p1,1000,1,100,0.1,2.0,none,0.72,0.8944271909999159,pca_l,3.1838317726360725,0.630677750292511,0.18188883046132978,3.1786319714305344,0.01,400,20260823
a0.1_k2.0_none_p1,1000,1,100,0.1,2.0,none,0.72,0.8944271909999159,trunc_k1,0.03828350298742441,0.03382509631993901,0.033463085546441514,0.01859700262675872,1.0,400,20260823
a0.1_k2.0_none_p5,2000,5,200,0.1,2.0,none,F>10,0.0,400,400,20260823
a0.1_k2.0_none_p5,2000,5,200,0.1,2.0,none,KP_rk>10,0.0,400,400,20260823
a0.1_k2.0_none_p5,2000,5,200,0.1,2.0,none,spectral_env,0.0,400,400,20260823
a0.1_k2.0_none_p5,2000,5,200,0.1,2.0,none,0.72,0.8944271909999159,tsls,0.7159301996914956,0.7148294888928125,0.7148294888928125,0.039684413055318765,,400,20260823
a0.1_k2.0_none_p5,2000,5,200,0.1,2.0,none,0.72,0.8944271909999159,liml,0.728009860227417,0.7279222243470815,0.7279222243470815,0.011295658012722483,,400,20260823
a0.1_k2.0_none_p5,2000,5,200,0.1,2.0,none,0.72,0.8944271909999159,fuller,0.7280159883019645,0.7279283558039106,0.7279283558039106,0.011295487590247148,,400,20260823
a0.1_k2.0_none_p5,2000,5,200,0.1,2.0,none,0.72,0.8944271909999159,bekker,8.681005896612644,1.949025668684386,0.8238968369301424,8.641820258436297,,400,20260823
a0.1_k2.0_none_p5,2000,5,200,0.1,2.0,none,0.72,0.8944271909999159,jive,0.7159500531798699,0.7148501737748171,0.7148501737748171,0.03966998490511961,,400,20260823
a0.1_k2.0_none_p5,2000,5,200,0.1,2.0,none,0.72,0.8944271909999159,whiten,0.7159301996914944,0.7148294888928111,0.7148294888928111,0.039684413055324365,0.05,400,20260823
a0.1_k2.0_none_p5,2000,5,200,0.1,2.0,none,0.72,0.8944271909999159,pca_l,0.40093994723421367,0.38331189809646327,-0.3666017847412917,0.16234522694761824,0.005,400,20260823
a0.1_k2.0_none_p5,2000,5,200,0.1,2.0,none,0.72,0.8944271909999159,trunc_k1,0.3985886144340024,0.39857300082672914,-0.39857300082672914,0.0035279694434614687,0.2,400,20260823
a0.1_k2.0_none_p5,2000,5,200,0.1,2.0,none,0.72,0.8944271909999159,trunc_k2,0.3143825421554899,0.27933741910629256,-0.12325175230290185,0.28921512471932115,0.4,400,20260823
a0.1_k2.0_none_p5,2000,5,200,0.1,2.0,none,0.72,0.8944271909999159,trunc_k5,0.7159301996914949,0.7148294888928116,0.7148294888928116,0.03968441305532156,1.0,400,20260823
a0.3_k0.5_none_p1,1000,1,300,0.3,0.5,none,F>10,0.734375,128,400,20260823
a0.3_k0.5_none_p1,1000,1,300,0.3,0.5,none,KP_rk>10,0.82,400,400,20260823
a0.3_k0.5_none_p1,1000,1,300,0.3,0.5,none,spectral_env,0.806060606060606,330,400,20260823
a0.3_k0.5_none_p1,1000,1,300,0.3,0.5,none,0.72,0.4472135954999579,tsls,0.05061637448170268,0.04736922030202656,0.047197694682958265,0.018286469924132857,,400,20260823
a0.3_k0.5_none_p1,1000,1,300,0.3,0.5,none,0.72,0.4472135954999579,liml,0.11624417965699571,0.11510164417921542,0.11510164417921542,0.01625794609934417,,400,20260823
a0.3_k0.5_none_p1,1000,1,300,0.3,0.5,none,0.72,0.4472135954999579,fuller,0.11633973277430046,0.11519817262505151,0.11519817262505151,0.016257750331594847,,400,20260823
a0.3_k0.5_none_p1,1000,1,300,0.3,0.5,none,0.72,0.4472135954999579,bekker,0.021778688731009556,0.01713877194955154,0.0003102319333180185,0.021776479031049817,,400,20260823
a0.3_k0.5_none_p1,1000,1,300,0.3,0.5,none,0.72,0.4472135954999579,jive,0.05062098631900175,0.047372046953078895,0.047200756225497645,0.018291333129373248,,400,20260823
a0.3_k0.5_none_p1,1000,1,300,0.3,0.5,none,0.72,0.4472135954999579,whiten,0.05061637448170269,0.047369220302026574,0.04719769468295827,0.018286469924132867,0.05,400,20260823
a0.3_k0.5_none_p1,1000,1,300,0.3,0.5,none,0.72,0.4472135954999579,pca_l,2.957628286444182,0.7997376528728721,0.036914243905685575,2.957397913601012,0.0033333333333333335,400,20260823
a0.3_k0.5_none_p1,1000,1,300,0.3,0.5,none,0.72,0.4472135954999579,trunc_k1,0.0506163744817027,0.04736922030202658,0.047197694682958286,0.018286469924132843,1.0,400,20260823
a0.3_k0.5_none_p5,2000,5,600,0.3,0.5,none,F>10,0.0,400,400,20260823
a0.3_k0.5_none_p5,2000,5,600,0.3,0.5,none,KP_rk>10,0.0,400,400,20260823
a0.3_k0.5_none_p5,2000,5,600,0.3,0.5,none,spectral_env,0.0,400,400,20260823
a0.3_k0.5_none_p5,2000,5,600,0.3,0.5,none,0.72,0.4472135954999579,tsls,0.36152513603001074,0.35975628706692303,0.35975628706692303,0.03571887312527408,,400,20260823
a0.3_k0.5_none_p5,2000,5,600,0.3,0.5,none,0.72,0.4472135954999579,liml,0.3642120884502436,0.3637326705584234,0.3637326705584234,0.018681267133829768,,400,20260823
a0.3_k0.5_none_p5,2000,5,600,0.3,0.5,none,0.72,0.4472135954999579,fuller,0.3642150316458294,0.36373563058585007,0.36373563058585007,0.01868101493727077,,400,20260823
a0.3_k0.5_none_p5,2000,5,600,0.3,0.5,none,0.72,0.4472135954999579,bekker,4.128957851396417,1.778258734770023,0.1004867481798755,4.127734893624874,,400,20260823
a0.3_k0.5_none_p5,2000,5,600,0.3,0.5,none,0.72,0.4472135954999579,jive,0.36151513918591865,0.3597458650974146,0.3597458650974146,0.035722659558422146,,400,20260823
a0.3_k0.5_none_p5,2000,5,600,0.3,0.5,none,0.72,0.4472135954999579,whiten,0.3615251360300106,0.3597562870669229,0.3597562870669229,0.03571887312527369,0.05,400,20260823
a0.3_k0.5_none_p5,2000,5,600,0.3,0.5,none,0.72,0.4472135954999579,pca_l,0.40680451731741724,0.39119825776022465,-0.38498336480919226,0.1314447569515392,0.0016666666666666668,400,20260823
a0.3_k0.5_none_p5,2000,5,600,0.3,0.5,none,0.72,0.4472135954999579,trunc_k1,0.39800234068739865,0.3979899655654799,-0.3979899655654799,0.003138550913442806,0.2,400,20260823
a0.3_k0.5_none_p5,2000,5,600,0.3,0.5,none,0.72,0.4472135954999579,trunc_k2,0.2786489609168088,0.24955590787180335,-0.20971324574856176,0.18348187370315514,0.4,400,20260823
a0.3_k0.5_none_p5,2000,5,600,0.3,0.5,none,0.72,0.4472135954999579,trunc_k5,0.3615251360300111,0.3597562870669233,0.3597562870669233,0.03571887312527486,1.0,400,20260823
a0.3_k2.0_none_p1,1000,1,300,0.3,2.0,none,F>10,0.7787610619469026,113,400,20260823
a0.3_k2.0_none_p1,1000,1,300,0.3,2.0,none,KP_rk>10,0.9275,400,400,20260823
a0.3_k2.0_none_p1,1000,1,300,0.3,2.0,none,spectral_env,0.9154078549848943,331,400,20260823
a0.3_k2.0_none_p1,1000,1,300,0.3,2.0,none,0.72,0.8944271909999159,tsls,0.0950836211163658,0.09358801817900958,0.09358801817900958,0.016798150431698623,,400,20260823
a0.3_k2.0_none_p1,1000,1,300,0.3,2.0,none,0.72,0.8944271909999159,liml,0.2448575161451044,0.24445382616464506,0.24445382616464506,0.014054539701304696,,400,20260823
a0.3_k2.0_none_p1,1000,1,300,0.3,2.0,none,0.72,0.8944271909999159,fuller,0.24504131315400415,0.24463787803736373,0.24463787803736373,0.014055382656287906,,400,20260823
a0.3_k2.0_none_p1,1000,1,300,0.3,2.0,none,0.72,0.8944271909999159,bekker,0.022469106887923536,0.018141109728361523,-0.00027492507801152186,0.02246742487563747,,400,20260823
a0.3_k2.0_none_p1,1000,1,300,0.3,2.0,none,0.72,0.8944271909999159,jive,0.09508420459370968,0.09358975072615086,0.09358975072615086,0.01679179925545163,,400,20260823
a0.3_k2.0_none_p1,1000,1,300,0.3,2.0,none,0.72,0.8944271909999159,whiten,0.0950836211163658,0.09358801817900958,0.09358801817900958,0.016798150431698623,0.05,400,20260823
a0.3_k2.0_none_p1,1000,1,300,0.3,2.0,none,0.72,0.8944271909999159,pca_l,3.262379200107795,0.7967138425759223,-0.01776258144748132,3.262330844043304,0.0033333333333333335,400,20260823
a0.3_k2.0_none_p1,1000,1,300,0.3,2.0,none,0.72,0.8944271909999159,trunc_k1,0.0950836211163658,0.09358801817900958,0.09358801817900958,0.016798150431698623,1.0,400,20260823
a0.3_k2.0_none_p5,2000,5,600,0.3,2.0,none,F>10,0.0,400,400,20260823
a0.3_k2.0_none_p5,2000,5,600,0.3,2.0,none,KP_rk>10,0.0,400,400,20260823
a0.3_k2.0_none_p5,2000,5,600,0.3,2.0,none,spectral_env,0.0,400,400,20260823
a0.3_k2.0_none_p5,2000,5,600,0.3,2.0,none,0.72,0.8944271909999159,tsls,0.7209895968883202,0.7206447692302638,0.7206447692302638,0.02229608490839588,,400,20260823
a0.3_k2.0_none_p5,2000,5,600,0.3,2.0,none,0.72,0.8944271909999159,liml,0.7289694462585247,0.7288693550884033,0.7288693550884033,0.01207960228960918,,400,20260823
a0.3_k2.0_none_p5,2000,5,600,0.3,2.0,none,0.72,0.8944271909999159,fuller,0.7289753591976859,0.7288752759520868,0.7288752759520868,0.012079173115924652,,400,20260823
a0.3_k2.0_none_p5,2000,5,600,0.3,2.0,none,0.72,0.8944271909999159,bekker,46.17492683192211,3.9856778705094134,3.0908158039206035,46.07136557124821,,400,20260823
a0.3_k2.0_none_p5,2000,5,600,0.3,2.0,none,0.72,0.8944271909999159,jive,0.7209905426414966,0.7206440941306258,0.7206440941306258,0.022348426636555917,,400,20260823
a0.3_k2.0_none_p5,2000,5,600,0.3,2.0,none,0.72,0.8944271909999159,whiten,0.7209895968883204,0.720644769230264,0.720644769230264,0.02229608490839339,0.05,400,20260823
a0.3_k2.0_none_p5,2000,5,600,0.3,2.0,none,0.72,0.8944271909999159,pca_l,0.3887080559474292,0.37062048330303404,-0.3485137853430723,0.17213975190022976,0.0016666666666666668,400,20260823
a0.3_k2.0_none_p5,2000,5,600,0.3,2.0,none,0.72,0.8944271909999159,trunc_k1,0.3957018911896267,0.3956884151720517,-0.3956884151720517,0.0032656989569123363,0.2,400,20260823
a0.3_k2.0_none_p5,2000,5,600,0.3,2.0,none,0.72,0.8944271909999159,trunc_k2,0.2946282361655954,0.26063661715730646,-0.11545089399696748,0.27106620708113144,0.4,400,20260823
a0.3_k2.0_none_p5,2000,5,600,0.3,2.0,none,0.72,0.8944271909999159,trunc_k5,0.7209895968883203,0.720644769230264,0.720644769230264,0.022296084908390898,1.0,400,20260823
a0.5_k0.5_none_p1,1000,1,500,0.5,0.5,none,F>10,,0,400,20260823
a0.5_k0.5_none_p1,1000,1,500,0.5,0.5,none,KP_rk>10,0.9,400,400,20260823
a0.5_k0.5_none_p1,1000,1,500,0.5,0.5,none,spectral_env,,0,400,20260823
a0.5_k0.5_none_p1,1000,1,500,0.5,0.5,none,0.72,0.4472135954999579,tsls,0.0744065443345771,0.07229444635727693,0.07229444635727693,0.017602467602816235,,400,20260823
a0.5_k0.5_none_p1,1000,1,500,0.5,0.5,none,0.72,0.4472135954999579,liml,0.12038394314648175,0.11929319422916089,0.11929319422916089,0.016168722216027026,,400,20260823
a0.5_k0.5_none_p1,1000,1,500,0.5,0.5,none,0.72,0.4472135954999579,fuller,0.12047623540070627,0.11938633717730272,0.11938633717730272,0.016168666973927596,,400,20260823
a0.5_k0.5_none_p1,1000,1,500,0.5,0.5,none,0.72,0.4472135954999579,bekker,0.02453215212166122,0.01939556093151726,-0.0008568426079815461,0.024517183942399958,,400,20260823
a0.5_k0.5_none_p1,1000,1,500,0.5,0.5,none,0.72,0.4472135954999579,jive,0.0744244368758695,0.07231409593914698,0.07231409593914698,0.01759739562532282,,400,20260823
a0.5_k0.5_none_p1,1000,1,500,0.5,0.5,none,0.72,0.4472135954999579,whiten,0.0744065443345771,0.07229444635727691,0.07229444635727691,0.017602467602816283,0.05,400,20260823
a0.5_k0.5_none_p1,1000,1,500,0.5,0.5,none,0.72,0.4472135954999579,pca_l,2.4771361558018907,0.8037652489340334,0.04758573796005249,2.476679053071626,0.002,400,20260823
a0.5_k0.5_none_p1,1000,1,500,0.5,0.5,none,0.72,0.4472135954999579,trunc_k1,0.07440654433457708,0.07229444635727691,0.07229444635727691,0.017602467602816235,1.0,400,20260823
a0.5_k0.5_none_p5,2000,5,1000,0.5,0.5,none,F>10,0.0,400,400,20260823
a0.5_k0.5_none_p5,2000,5,1000,0.5,0.5,none,KP_rk>10,0.0,400,400,20260823
a0.5_k0.5_none_p5,2000,5,1000,0.5,0.5,none,spectral_env,0.0,400,400,20260823
a0.5_k0.5_none_p5,2000,5,1000,0.5,0.5,none,0.72,0.4472135954999579,tsls,0.36134125734502115,0.3603930813286557,0.3603930813286557,0.026159724580311187,,400,20260823
a0.5_k0.5_none_p5,2000,5,1000,0.5,0.5,none,0.72,0.4472135954999579,liml,0.3634249242261944,0.3629508344591049,0.3629508344591049,0.01855713647776917,,400,20260823
a0.5_k0.5_none_p5,2000,5,1000,0.5,0.5,none,0.72,0.4472135954999579,fuller,0.36342765883001293,0.3629535899846502,0.3629535899846502,0.018556797135246675,,400,20260823
a0.5_k0.5_none_p5,2000,5,1000,0.5,0.5,none,0.72,0.4472135954999579,bekker,8.546562484485474,2.0893291664663267,1.0284828985165502,8.484453619925889,,400,20260823
a0.5_k0.5_none_p5,2000,5,1000,0.5,0.5,none,0.72,0.4472135954999579,jive,0.36131911511629183,0.3603709391470612,0.3603709391470612,0.02615892135936192,,400,20260823
a0.5_k0.5_none_p5,2000,5,1000,0.5,0.5,none,0.72,0.4472135954999579,whiten,0.3613412573450211,0.3603930813286557,0.3603930813286557,0.026159724580310125,0.05,400,20260823
a0.5_k0.5_none_p5,2000,5,1000,0.5,0.5,none,0.72,0.4472135954999579,pca_l,0.4152671951460711,0.39401428681207806,-0.38055310646152096,0.1662112406757478,0.001,400,20260823
a0.5_k0.5_none_p5,2000,5,1000,0.5,0.5,none,0.72,0.4472135954999579,trunc_k1,0.3968656238026772,0.39685184255688305,-0.39685184255688305,0.0033073275457709654,0.2,400,20260823
a0.5_k0.5_none_p5,2000,5,1000,0.5,0.5,none,0.72,0.4472135954999579,trunc_k2,0.27873643424403577,0.25209942804616736,-0.2082918496134719,0.18522555212410216,0.4,400,20260823
a0.5_k0.5_none_p5,2000,5,1000,0.5,0.5,none,0.72,0.4472135954999579,trunc_k5,0.36134125734502126,0.36039308132865594,0.36039308132865594,0.026159724580310125,1.0,400,20260823
a0.5_k2.0_none_p1,1000,1,500,0.5,2.0,none,F>10,,0,400,20260823
a0.5_k2.0_none_p1,1000,1,500,0.5,2.0,none,KP_rk>10,0.91,400,400,20260823
a0.5_k2.0_none_p1,1000,1,500,0.5,2.0,none,spectral_env,,0,400,20260823
a0.5_k2.0_none_p1,1000,1,500,0.5,2.0,none,0.72,0.8944271909999159,tsls,0.14521289253910516,0.14433223387878327,0.14433223387878327,0.015968419556546914,,400,20260823
a0.5_k2.0_none_p1,1000,1,500,0.5,2.0,none,0.72,0.8944271909999159,liml,0.2466262159810485,0.24621600887161704,0.24621600887161704,0.014218557749032879,,400,20260823
a0.5_k2.0_none_p1,1000,1,500,0.5,2.0,none,0.72,0.8944271909999159,fuller,0.24680845491586093,0.24639849120505597,0.24639849120505597,0.014219597386231117,,400,20260823
a0.5_k2.0_none_p1,1000,1,500,0.5,2.0,none,0.72,0.8944271909999159,bekker,0.027320676327700938,0.022092608786399164,-0.0021795097108421434,0.027233602266746558,,400,20260823
a0.5_k2.0_none_p1,1000,1,500,0.5,2.0,none,0.72,0.8944271909999159,jive,0.1452246434775394,0.14434137390022003,0.14434137390022003,0.015992649992271745,,400,20260823
a0.5_k2.0_none_p1,1000,1,500,0.5,2.0,none,0.72,0.8944271909999159,whiten,0.14521289253910513,0.14433223387878327,0.14433223387878327,0.015968419556546695,0.05,400,20260823
a0.5_k2.0_none_p1,1000,1,500,0.5,2.0,none,0.72,0.8944271909999159,pca_l,8.614341568280606,1.2113060096880708,0.6081202650379525,8.592849957857831,0.002,400,20260823
a0.5_k2.0_none_p1,1000,1,500,0.5,2.0,none,0.72,0.8944271909999159,trunc_k1,0.14521289253910516,0.14433223387878327,0.14433223387878327,0.015968419556546914,1.0,400,20260823
a0.5_k2.0_none_p5,2000,5,1000,0.5,2.0,none,F>10,0.0,400,400,20260823
a0.5_k2.0_none_p5,2000,5,1000,0.5,2.0,none,KP_rk>10,0.0,400,400,20260823
a0.5_k2.0_none_p5,2000,5,1000,0.5,2.0,none,spectral_env,0.0,400,400,20260823
a0.5_k2.0_none_p5,2000,5,1000,0.5,2.0,none,0.72,0.8944271909999159,tsls,0.7219382541271268,0.721754918165335,0.721754918165335,0.01626901583607329,,400,20260823
a0.5_k2.0_none_p5,2000,5,1000,0.5,2.0,none,0.72,0.8944271909999159,liml,0.7286686341306247,0.7285767197497526,0.7285767197497526,0.011573322966230358,,400,20260823
a0.5_k2.0_none_p5,2000,5,1000,0.5,2.0,none,0.72,0.8944271909999159,fuller,0.7286749973334776,0.7285830878519434,0.7285830878519434,0.011573065068124425,,400,20260823
a0.5_k2.0_none_p5,2000,5,1000,0.5,2.0,none,0.72,0.8944271909999159,bekker,9.449386904241443,1.9748960278252519,0.34511104853205893,9.443082718595171,,400,20260823
a0.5_k2.0_none_p5,2000,5,1000,0.5,2.0,none,0.72,0.8944271909999159,jive,0.7219884669785137,0.7218050713002271,0.7218050713002271,0.016272230801538737,,400,20260823
a0.5_k2.0_none_p5,2000,5,1000,0.5,2.0,none,0.72,0.8944271909999159,whiten,0.7219382541271268,0.7217549181653351,0.7217549181653351,0.016269015836066467,0.05,400,20260823
a0.5_k2.0_none_p5,2000,5,1000,0.5,2.0,none,0.72,0.8944271909999159,pca_l,0.3973275059363437,0.38000395615162885,-0.3700325210783278,0.14472415250403825,0.001,400,20260823
a0.5_k2.0_none_p5,2000,5,1000,0.5,2.0,none,0.72,0.8944271909999159,trunc_k1,0.39310925266671437,0.3930933691277207,-0.3930933691277207,0.0035337911653351146,0.2,400,20260823
a0.5_k2.0_none_p5,2000,5,1000,0.5,2.0,none,0.72,0.8944271909999159,trunc_k2,0.30074581113755355,0.2641501177276345,-0.09926490047919462,0.2838917442435419,0.4,400,20260823
a0.5_k2.0_none_p5,2000,5,1000,0.5,2.0,none,0.72,0.8944271909999159,trunc_k5,0.7219382541271268,0.7217549181653351,0.7217549181653351,0.016269015836066467,1.0,400,20260823
a0.7_k0.5_none_p1,1000,1,699,0.7,0.5,none,F>10,,0,400,20260823
a0.7_k0.5_none_p1,1000,1,699,0.7,0.5,none,KP_rk>10,0.905,400,400,20260823
a0.7_k0.5_none_p1,1000,1,699,0.7,0.5,none,spectral_env,,0,400,20260823
a0.7_k0.5_none_p1,1000,1,699,0.7,0.5,none,0.72,0.4472135954999579,tsls,0.09713630035472641,0.09562020135531955,0.09562020135531955,0.017094968247170477,,400,20260823
a0.7_k0.5_none_p1,1000,1,699,0.7,0.5,none,0.72,0.4472135954999579,liml,0.12460628907354226,0.12353255640799318,0.12353255640799318,0.01632283014630615,,400,20260823
a0.7_k0.5_none_p1,1000,1,699,0.7,0.5,none,0.72,0.4472135954999579,fuller,0.12469735129369003,0.12362443064974052,0.12362443064974052,0.01632267031430323,,400,20260823
a0.7_k0.5_none_p1,1000,1,699,0.7,0.5,none,0.72,0.4472135954999579,bekker,0.028781139251468194,0.02231739961084905,-0.001079244043645124,0.028760897220126144,,400,20260823
a0.7_k0.5_none_p1,1000,1,699,0.7,0.5,none,0.72,0.4472135954999579,jive,0.097116090284069,0.09559978096852603,0.09559978096852603,0.01709435201560125,,400,20260823
a0.7_k0.5_none_p1,1000,1,699,0.7,0.5,none,0.72,0.4472135954999579,whiten,0.0971363003547264,0.09562020135531955,0.09562020135531955,0.017094968247170376,0.05,400,20260823
a0.7_k0.5_none_p1,1000,1,699,0.7,0.5,none,0.72,0.4472135954999579,pca_l,12.077780832507793,1.6014361919287559,-0.8355304569914691,12.04884553364065,0.001430615164520744,400,20260823
a0.7_k0.5_none_p1,1000,1,699,0.7,0.5,none,0.72,0.4472135954999579,trunc_k1,0.09713630035472638,0.09562020135531955,0.09562020135531955,0.017094968247170324,1.0,400,20260823
a0.7_k0.5_none_p5,2000,5,1399,0.7,0.5,none,F>10,0.0,400,400,20260823
a0.7_k0.5_none_p5,2000,5,1399,0.7,0.5,none,KP_rk>10,0.0,400,400,20260823
a0.7_k0.5_none_p5,2000,5,1399,0.7,0.5,none,spectral_env,0.0,400,400,20260823
a0.7_k0.5_none_p5,2000,5,1399,0.7,0.5,none,0.72,0.4472135954999579,tsls,0.36444684099256675,0.3637793640695343,0.3637793640695343,0.02204709020769951,,400,20260823
a0.7_k0.5_none_p5,2000,5,1399,0.7,0.5,none,0.72,0.4472135954999579,liml,0.3666304896399388,0.3661649406369263,0.3661649406369263,0.018470305411051,,400,20260823
a0.7_k0.5_none_p5,2000,5,1399,0.7,0.5,none,0.72,0.4472135954999579,fuller,0.36663419363888305,0.366168618023517,0.366168618023517,0.018470926343355457,,400,20260823
a0.7_k0.5_none_p5,2000,5,1399,0.7,0.5,none,0.72,0.4472135954999579,bekker,34.89142484194238,4.324750472068319,-0.25808148907804634,34.89047035289019,,400,20260823
a0.7_k0.5_none_p5,2000,5,1399,0.7,0.5,none,0.72,0.4472135954999579,jive,0.3644050004665032,0.3637408359969943,0.3637408359969943,0.021991102591727287,,400,20260823
a0.7_k0.5_none_p5,2000,5,1399,0.7,0.5,none,0.72,0.4472135954999579,whiten,0.3644468409925668,0.36377936406953437,0.36377936406953437,0.02204709020769951,0.05,400,20260823
a0.7_k0.5_none_p5,2000,5,1399,0.7,0.5,none,0.72,0.4472135954999579,pca_l,0.4189620477445029,0.3945625230887647,-0.3783953211403743,0.1798504333865786,0.0007147962830593281,400,20260823
a0.7_k0.5_none_p5,2000,5,1399,0.7,0.5,none,0.72,0.4472135954999579,trunc_k1,0.39530402196653247,0.39528946290024797,-0.39528946290024797,0.003392683738619928,0.2,400,20260823
a0.7_k0.5_none_p5,2000,5,1399,0.7,0.5,none,0.72,0.4472135954999579,trunc_k2,0.2870635595802324,0.259786999267047,-0.20876193649188685,0.19703791795243633,0.4,400,20260823
a0.7_k0.5_none_p5,2000,5,1399,0.7,0.5,none,0.72,0.4472135954999579,trunc_k5,0.36444684099256675,0.3637793640695343,0.3637793640695343,0.02204709020769951,1.0,400,20260823
a0.7_k2.0_none_p1,1000,1,699,0.7,2.0,none,F>10,,0,400,20260823
a0.7_k2.0_none_p1,1000,1,699,0.7,2.0,none,KP_rk>10,0.93,400,400,20260823
a0.7_k2.0_none_p1,1000,1,699,0.7,2.0,none,spectral_env,,0,400,20260823
a0.7_k2.0_none_p1,1000,1,699,0.7,2.0,none,0.72,0.8944271909999159,tsls,0.19278642625970652,0.19216650372681787,0.19216650372681787,0.01544800943164382,,400,20260823
a0.7_k2.0_none_p1,1000,1,699,0.7,2.0,none,0.72,0.8944271909999159,liml,0.25034157197683404,0.24992859603350975,0.24992859603350975,0.014373571043797,,400,20260823
a0.7_k2.0_none_p1,1000,1,699,0.7,2.0,none,0.72,0.8944271909999159,fuller,0.2505211056951633,0.2501084476618049,0.2501084476618049,0.01437319751931922,,400,20260823
a0.7_k2.0_none_p1,1000,1,699,0.7,2.0,none,0.72,0.8944271909999159,bekker,0.0321680469526117,0.02518270887189307,0.001594308685536446,0.032128514197837625,,400,20260823
a0.7_k2.0_none_p1,1000,1,699,0.7,2.0,none,0.72,0.8944271909999159,jive,0.19280210912163748,0.19218177212687892,0.19218177212687892,0.015453793835954566,,400,20260823
a0.7_k2.0_none_p1,1000,1,699,0.7,2.0,none,0.72,0.8944271909999159,whiten,0.19278642625970652,0.1921665037268179,0.1921665037268179,0.01544800943164337,0.05,400,20260823
a0.7_k2.0_none_p1,1000,1,699,0.7,2.0,none,0.72,0.8944271909999159,pca_l,6.16455249392152,1.0776179318586072,0.2244729624027196,6.160464214607872,0.001430615164520744,400,20260823
a0.7_k2.0_none_p1,1000,1,699,0.7,2.0,none,0.72,0.8944271909999159,trunc_k1,0.19278642625970652,0.19216650372681787,0.19216650372681787,0.01544800943164382,1.0,400,20260823
a0.7_k2.0_none_p5,2000,5,1399,0.7,2.0,none,F>10,0.0,400,400,20260823
a0.7_k2.0_none_p5,2000,5,1399,0.7,2.0,none,KP_rk>10,0.0,400,400,20260823
a0.7_k2.0_none_p5,2000,5,1399,0.7,2.0,none,spectral_env,0.0,400,400,20260823
a0.7_k2.0_none_p5,2000,5,1399,0.7,2.0,none,0.72,0.8944271909999159,tsls,0.7257492266363277,0.725610821124347,0.725610821124347,0.01417308119212605,,400,20260823
a0.7_k2.0_none_p5,2000,5,1399,0.7,2.0,none,0.72,0.8944271909999159,liml,0.7293202502352919,0.7292219946121499,0.7292219946121499,0.011971214522616772,,400,20260823
a0.7_k2.0_none_p5,2000,5,1399,0.7,2.0,none,0.72,0.8944271909999159,fuller,0.7293261664646494,0.7292279147755252,0.7292279147755252,0.011971023438323816,,400,20260823
a0.7_k2.0_none_p5,2000,5,1399,0.7,2.0,none,0.72,0.8944271909999159,bekker,4.697137776580029,1.4917961197951246,0.9083314456918865,4.608474506487203,,400,20260823
a0.7_k2.0_none_p5,2000,5,1399,0.7,2.0,none,0.72,0.8944271909999159,jive,0.7257659511636634,0.7256271564560072,0.7256271564560072,0.01419315617001272,,400,20260823
a0.7_k2.0_none_p5,2000,5,1399,0.7,2.0,none,0.72,0.8944271909999159,whiten,0.7257492266363277,0.7256108211243469,0.7256108211243469,0.014173081192129965,0.05,400,20260823
a0.7_k2.0_none_p5,2000,5,1399,0.7,2.0,none,0.72,0.8944271909999159,pca_l,0.4148595563220139,0.3911696506262278,-0.36185671655751395,0.20289940402552498,0.0007147962830593281,400,20260823
a0.7_k2.0_none_p5,2000,5,1399,0.7,2.0,none,0.72,0.8944271909999159,trunc_k1,0.391182594779833,0.3911628285995042,-0.3911628285995042,0.00393242682296119,0.2,400,20260823
a0.7_k2.0_none_p5,2000,5,1399,0.7,2.0,none,0.72,0.8944271909999159,trunc_k2,0.2998732351196403,0.26672618238546336,-0.10843389940099549,0.2795819139390348,0.4,400,20260823
a0.7_k2.0_none_p5,2000,5,1399,0.7,2.0,none,0.72,0.8944271909999159,trunc_k5,0.7257492266363277,0.7256108211243469,0.7256108211243469,0.014173081192129965,1.0,400,20260823
a0.9_k0.5_none_p1,1000,1,899,0.9,0.5,none,F>10,,0,400,20260823
a0.9_k0.5_none_p1,1000,1,899,0.9,0.5,none,KP_rk>10,0.9325,400,400,20260823
a0.9_k0.5_none_p1,1000,1,899,0.9,0.5,none,spectral_env,,0,400,20260823
a0.9_k0.5_none_p1,1000,1,899,0.9,0.5,none,0.72,0.4472135954999579,tsls,0.11637083355443983,0.11525561397525237,0.11525561397525237,0.016072160693035333,,400,20260823
a0.9_k0.5_none_p1,1000,1,899,0.9,0.5,none,0.72,0.4472135954999579,liml,0.12552345529975092,0.12448449492155751,0.12448449492155751,0.01611671041227983,,400,20260823
a0.9_k0.5_none_p1,1000,1,899,0.9,0.5,none,0.72,0.4472135954999579,fuller,0.12561397410977002,0.12457540499634166,0.12457540499634166,0.016119521135797527,,400,20260823
a0.9_k0.5_none_p1,1000,1,899,0.9,0.5,none,0.72,0.4472135954999579,bekker,0.04421928141860481,0.03425680954288937,-0.0026733869718955456,0.04413839429879918,,400,20260823
a0.9_k0.5_none_p1,1000,1,899,0.9,0.5,none,0.72,0.4472135954999579,jive,0.11634989564592627,0.11523353039242494,0.11523353039242494,0.016078920676339217,,400,20260823
a0.9_k0.5_none_p1,1000,1,899,0.9,0.5,none,0.72,0.4472135954999579,whiten,0.11637083355443983,0.11525561397525237,0.11525561397525237,0.016072160693035333,0.05,400,20260823
a0.9_k0.5_none_p1,1000,1,899,0.9,0.5,none,0.72,0.4472135954999579,pca_l,21.54604771696001,1.788110956409834,-1.03675385192395,21.521089974070517,0.0011123470522803114,400,20260823
a0.9_k0.5_none_p1,1000,1,899,0.9,0.5,none,0.72,0.4472135954999579,trunc_k1,0.11637083355443982,0.11525561397525237,0.11525561397525237,0.016072160693035225,1.0,400,20260823
a0.9_k0.5_none_p5,2000,5,1799,0.9,0.5,none,F>10,0.0,400,400,20260823
a0.9_k0.5_none_p5,2000,5,1799,0.9,0.5,none,KP_rk>10,0.0,400,400,20260823
a0.9_k0.5_none_p5,2000,5,1799,0.9,0.5,none,spectral_env,0.0,400,400,20260823
a0.9_k0.5_none_p5,2000,5,1799,0.9,0.5,none,0.72,0.4472135954999579,tsls,0.36347389543206743,0.36295974222357286,0.36295974222357286,0.019326101147387184,,400,20260823
a0.9_k0.5_none_p5,2000,5,1799,0.9,0.5,none,0.72,0.4472135954999579,liml,0.36406948116553806,0.36361751949364374,0.36361751949364374,0.01813523182740345,,400,20260823
a0.9_k0.5_none_p5,2000,5,1799,0.9,0.5,none,0.72,0.4472135954999579,fuller,0.364072620655332,0.3636207087309635,0.3636207087309635,0.018134312582314255,,400,20260823
a0.9_k0.5_none_p5,2000,5,1799,0.9,0.5,none,0.72,0.4472135954999579,bekker,259.9948156160341,14.824108820075262,-13.175463370750167,259.6607619802838,,400,20260823
a0.9_k0.5_none_p5,2000,5,1799,0.9,0.5,none,0.72,0.4472135954999579,jive,0.3635241396481086,0.36300728411043204,0.36300728411043204,0.019378126577810184,,400,20260823
a0.9_k0.5_none_p5,2000,5,1799,0.9,0.5,none,0.72,0.4472135954999579,whiten,0.36347389543206754,0.36295974222357286,0.36295974222357286,0.01932610114738934,0.05,400,20260823
a0.9_k0.5_none_p5,2000,5,1799,0.9,0.5,none,0.72,0.4472135954999579,pca_l,0.4122567208460723,0.3931399507663006,-0.3792911220027612,0.16153590515004052,0.0005558643690939411,400,20260823
a0.9_k0.5_none_p5,2000,5,1799,0.9,0.5,none,0.72,0.4472135954999579,trunc_k1,0.39410717045867644,0.3940831544164367,-0.3940831544164367,0.004350771441381821,0.2,400,20260823
a0.9_k0.5_none_p5,2000,5,1799,0.9,0.5,none,0.72,0.4472135954999579,trunc_k2,0.27636314894676267,0.24874397635421303,-0.20380639685889976,0.18665353651930408,0.4,400,20260823
a0.9_k0.5_none_p5,2000,5,1799,0.9,0.5,none,0.72,0.4472135954999579,trunc_k5,0.36347389543206743,0.36295974222357286,0.36295974222357286,0.019326101147387184,1.0,400,20260823
a0.9_k2.0_none_p1,1000,1,899,0.9,2.0,none,F>10,,0,400,20260823
a0.9_k2.0_none_p1,1000,1,899,0.9,2.0,none,KP_rk>10,0.955,400,400,20260823
a0.9_k2.0_none_p1,1000,1,899,0.9,2.0,none,spectral_env,,0,400,20260823
a0.9_k2.0_none_p1,1000,1,899,0.9,2.0,none,0.72,0.8944271909999159,tsls,0.2336578420682478,0.23320603572687038,0.23320603572687038,0.014523500285671155,,400,20260823
a0.9_k2.0_none_p1,1000,1,899,0.9,2.0,none,0.72,0.8944271909999159,liml,0.2522907021840668,0.2518802632292052,0.2518802632292052,0.014385110500645795,,400,20260823
a0.9_k2.0_none_p1,1000,1,899,0.9,2.0,none,0.72,0.8944271909999159,fuller,0.2524713107140691,0.2520610814332379,0.2520610814332379,0.01438658960235596,,400,20260823
a0.9_k2.0_none_p1,1000,1,899,0.9,2.0,none,0.72,0.8944271909999159,bekker,0.05314765872472002,0.041957702097711616,-0.0023601007515147983,0.053095230975691285,,400,20260823
a0.9_k2.0_none_p1,1000,1,899,0.9,2.0,none,0.72,0.8944271909999159,jive,0.23368599871408374,0.2332329789711385,0.2332329789711385,0.014543848020630962,,400,20260823
a0.9_k2.0_none_p1,1000,1,899,0.9,2.0,none,0.72,0.8944271909999159,whiten,0.2336578420682478,0.23320603572687038,0.23320603572687038,0.014523500285671155,0.05,400,20260823
a0.9_k2.0_none_p1,1000,1,899,0.9,2.0,none,0.72,0.8944271909999159,pca_l,7.743693057063612,1.3702644126747676,-0.33263080584790117,7.736545670324461,0.0011123470522803114,400,20260823
a0.9_k2.0_none_p1,1000,1,899,0.9,2.0,none,0.72,0.8944271909999159,trunc_k1,0.23365784206824783,0.2332060357268704,0.2332060357268704,0.014523500285671155,1.0,400,20260823
a0.9_k2.0_none_p5,2000,5,1799,0.9,2.0,none,F>10,0.0,400,400,20260823
a0.9_k2.0_none_p5,2000,5,1799,0.9,2.0,none,KP_rk>10,0.0,400,400,20260823
a0.9_k2.0_none_p5,2000,5,1799,0.9,2.0,none,spectral_env,0.0,400,400,20260823
a0.9_k2.0_none_p5,2000,5,1799,0.9,2.0,none,0.72,0.8944271909999159,tsls,0.7275755376355134,0.7274758373113497,0.7274758373113497,0.012044463199204845,,400,20260823
a0.9_k2.0_none_p5,2000,5,1799,0.9,2.0,none,0.72,0.8944271909999159,liml,0.7286912028917614,0.7286043038039213,0.7286043038039213,0.011253339515243578,,400,20260823
a0.9_k2.0_none_p5,2000,5,1799,0.9,2.0,none,0.72,0.8944271909999159,fuller,0.7286968274262996,0.7286099375222841,0.7286099375222841,0.011252788317899637,,400,20260823
a0.9_k2.0_none_p5,2000,5,1799,0.9,2.0,none,0.72,0.8944271909999159,bekker,6.500351344563556,1.889435867113226,0.3774860889822291,6.489381469400156,,400,20260823
a0.9_k2.0_none_p5,2000,5,1799,0.9,2.0,none,0.72,0.8944271909999159,jive,0.7276126479023033,0.727512448967727,0.727512448967727,0.01207484924881142,,400,20260823
a0.9_k2.0_none_p5,2000,5,1799,0.9,2.0,none,0.72,0.8944271909999159,whiten,0.7275755376355134,0.7274758373113497,0.7274758373113497,0.012044463199204845,0.05,400,20260823
a0.9_k2.0_none_p5,2000,5,1799,0.9,2.0,none,0.72,0.8944271909999159,pca_l,0.3999868045188158,0.37586717641017836,-0.3429656394534848,0.20582520240105598,0.0005558643690939411,400,20260823
a0.9_k2.0_none_p5,2000,5,1799,0.9,2.0,none,0.72,0.8944271909999159,trunc_k1,0.38801561923140465,0.38798343953415,-0.38798343953415,0.00499714066051498,0.2,400,20260823
a0.9_k2.0_none_p5,2000,5,1799,0.9,2.0,none,0.72,0.8944271909999159,trunc_k2,0.30396866522035665,0.2724724858051981,-0.12476472759947982,0.27718353519441385,0.4,400,20260823
a0.9_k2.0_none_p5,2000,5,1799,0.9,2.0,none,0.72,0.8944271909999159,trunc_k5,0.7275755376355134,0.7274758373113497,0.7274758373113497,0.012044463199204845,1.0,400,20260823
a0.1_k0.5_none_p1,1000,1,100,0.1,0.5,none,F>10,0.0,400,400,20260823
a0.1_k0.5_none_p1,1000,1,100,0.1,0.5,none,KP_rk>10,0.0,400,400,20260823
a0.1_k0.5_none_p1,1000,1,100,0.1,0.5,none,spectral_env,0.0,400,400,20260823
a0.1_k0.5_none_p1,1000,1,100,0.1,0.5,none,0.88,0.4472135954999579,tsls,0.01281320713988196,0.01014684652648532,0.005836242229643687,0.01140686433014988,,400,20260823
a0.1_k0.5_none_p1,1000,1,100,0.1,0.5,none,0.88,0.4472135954999579,liml,0.05085815070088282,0.049706563236945146,0.049706563236945146,0.010761461977133074,,400,20260823
a0.1_k0.5_none_p1,1000,1,100,0.1,0.5,none,0.88,0.4472135954999579,fuller,0.05090521030424501,0.04975470221976071,0.04975470221976071,0.010761507475365674,,400,20260823
a0.1_k0.5_none_p1,1000,1,100,0.1,0.5,none,0.88,0.4472135954999579,bekker,0.011598817193660207,0.009283177138745704,-0.00018324354714263676,0.011597369619632644,,400,20260823
a0.1_k0.5_none_p1,1000,1,100,0.1,0.5,none,0.88,0.4472135954999579,jive,0.012814523012219017,0.010147624842567647,0.005836017266995394,0.0114084574982783,,400,20260823
a0.1_k0.5_none_p1,1000,1,100,0.1,0.5,none,0.88,0.4472135954999579,whiten,0.012813207139881964,0.01014684652648532,0.005836242229643687,0.011406864330149886,0.05,400,20260823
a0.1_k0.5_none_p1,1000,1,100,0.1,0.5,none,0.88,0.4472135954999579,pca_l,2.3824888618515057,0.4734812107373631,-0.020835440671790197,2.3823977546284114,0.01,400,20260823
a0.1_k0.5_none_p1,1000,1,100,0.1,0.5,none,0.88,0.4472135954999579,trunc_k1,0.012813207139881941,0.010146846526485304,0.005836242229643674,0.011406864330149867,1.0,400,20260823
a0.1_k0.5_none_p5,2000,5,200,0.1,0.5,none,F>10,0.0,400,400,20260823
a0.1_k0.5_none_p5,2000,5,200,0.1,0.5,none,KP_rk>10,0.0,400,400,20260823
a0.1_k0.5_none_p5,2000,5,200,0.1,0.5,none,spectral_env,0.0,400,400,20260823
a0.1_k0.5_none_p5,2000,5,200,0.1,0.5,none,0.88,0.4472135954999579,tsls,0.3632567599638237,0.35890746966500664,0.35890746966500664,0.05604374967895519,,400,20260823
a0.1_k0.5_none_p5,2000,5,200,0.1,0.5,none,0.88,0.4472135954999579,liml,0.36162559673495126,0.36115807059805904,0.36115807059805904,0.01838260742650547,,400,20260823
a0.1_k0.5_none_p5,2000,5,200,0.1,0.5,none,0.88,0.4472135954999579,fuller,0.36162676965244867,0.36115924427053114,0.36115924427053114,0.018382622424561453,,400,20260823
a0.1_k0.5_none_p5,2000,5,200,0.1,0.5,none,0.88,0.4472135954999579,bekker,6.801910949413653,1.7241135882870744,0.5460097216826041,6.779960615488959,,400,20260823
a0.1_k0.5_none_p5,2000,5,200,0.1,0.5,none,0.88,0.4472135954999579,jive,0.36323570785193654,0.3588876362469274,0.3588876362469274,0.05603431098702427,,400,20260823
a0.1_k0.5_none_p5,2000,5,200,0.1,0.5,none,0.88,0.4472135954999579,whiten,0.3632567599638224,0.3589074696650057,0.3589074696650057,0.05604374967895247,0.05,400,20260823
a0.1_k0.5_none_p5,2000,5,200,0.1,0.5,none,0.88,0.4472135954999579,pca_l,0.4036930164736373,0.39716435080204493,-0.39157003214952973,0.09818839784822168,0.005,400,20260823
a0.1_k0.5_none_p5,2000,5,200,0.1,0.5,none,0.88,0.4472135954999579,trunc_k1,0.39972963938385764,0.3997257636131933,-0.3997257636131933,0.001760257310276635,0.2,400,20260823
a0.1_k0.5_none_p5,2000,5,200,0.1,0.5,none,0.88,0.4472135954999579,trunc_k2,0.28354536080778003,0.25701256246894233,-0.20879405985450744,0.19184111187408845,0.4,400,20260823
a0.1_k0.5_none_p5,2000,5,200,0.1,0.5,none,0.88,0.4472135954999579,trunc_k5,0.36325675996382034,0.3589074696650036,0.3589074696650036,0.05604374967895296,1.0,400,20260823
a0.1_k2.0_none_p1,1000,1,100,0.1,2.0,none,F>10,0.0,400,400,20260823
a0.1_k2.0_none_p1,1000,1,100,0.1,2.0,none,KP_rk>10,0.0,400,400,20260823
a0.1_k2.0_none_p1,1000,1,100,0.1,2.0,none,spectral_env,0.0,400,400,20260823
a0.1_k2.0_none_p1,1000,1,100,0.1,2.0,none,0.88,0.8944271909999159,tsls,0.01671373982473695,0.013855245505497684,0.012207795017181493,0.011415727736218864,,400,20260823
a0.1_k2.0_none_p1,1000,1,100,0.1,2.0,none,0.88,0.8944271909999159,liml,0.1053725767904778,0.10485169466716872,0.10485169466716872,0.010464323431926402,,400,20260823
a0.1_k2.0_none_p1,1000,1,100,0.1,2.0,none,0.88,0.8944271909999159,fuller,0.1054665107087594,0.1049460264358904,0.1049460264358904,0.010465009144680818,,400,20260823
a0.1_k2.0_none_p1,1000,1,100,0.1,2.0,none,0.88,0.8944271909999159,bekker,0.011802910022123027,0.009477985954273018,0.00025795779262429114,0.011800090794886139,,400,20260823
a0.1_k2.0_none_p1,1000,1,100,0.1,2.0,none,0.88,0.8944271909999159,jive,0.016713368359842985,0.013855295318549867,0.012207322598996782,0.011415689067937293,,400,20260823
a0.1_k2.0_none_p1,1000,1,100,0.1,2.0,none,0.88,0.8944271909999159,whiten,0.016713739824736954,0.013855245505497686,0.012207795017181495,0.011415727736218866,0.05,400,20260823
a0.1_k2.0_none_p1,1000,1,100,0.1,2.0,none,0.88,0.8944271909999159,pca_l,2.48396866622649,0.420536423654669,0.05621959644326708,2.483332376418985,0.01,400,20260823
a0.1_k2.0_none_p1,1000,1,100,0.1,2.0,none,0.88,0.8944271909999159,trunc_k1,0.016713739824736947,0.013855245505497682,0.01220779501718149,0.011415727736218862,1.0,400,20260823
a0.1_k2.0_none_p5,2000,5,200,0.1,2.0,none,F>10,0.0,400,400,20260823
a0.1_k2.0_none_p5,2000,5,200,0.1,2.0,none,KP_rk>10,0.0,400,400,20260823
a0.1_k2.0_none_p5,2000,5,200,0.1,2.0,none,spectral_env,0.0,400,400,20260823
a0.1_k2.0_none_p5,2000,5,200,0.1,2.0,none,0.88,0.8944271909999159,tsls,0.7150421698472784,0.713937599520028,0.713937599520028,0.039729191427516956,,400,20260823
a0.1_k2.0_none_p5,2000,5,200,0.1,2.0,none,0.88,0.8944271909999159,liml,0.7201916471686187,0.7201020430996459,0.7201020430996459,0.011360289396138229,,400,20260823
a0.1_k2.0_none_p5,2000,5,200,0.1,2.0,none,0.88,0.8944271909999159,fuller,0.720194077362359,0.7201044744471825,0.7201044744471825,0.011360235427425517,,400,20260823
a0.1_k2.0_none_p5,2000,5,200,0.1,2.0,none,0.88,0.8944271909999159,bekker,45.589138856476524,3.751554832747258,-1.5125821345338628,45.564039295933654,,400,20260823
a0.1_k2.0_none_p5,2000,5,200,0.1,2.0,none,0.88,0.8944271909999159,jive,0.7150622482217062,0.7139585490705668,0.7139585490705668,0.039714091213723476,,400,20260823
a0.1_k2.0_none_p5,2000,5,200,0.1,2.0,none,0.88,0.8944271909999159,whiten,0.715042169847275,0.7139375995200242,0.7139375995200242,0.03972919142752254,0.05,400,20260823
a0.1_k2.0_none_p5,2000,5,200,0.1,2.0,none,0.88,0.8944271909999159,pca_l,0.42385827405036514,0.3956334054307028,-0.38526843783396214,0.17670333129268637,0.005,400,20260823
a0.1_k2.0_none_p5,2000,5,200,0.1,2.0,none,0.88,0.8944271909999159,trunc_k1,0.3994855947475686,0.39948134828601256,-0.39948134828601256,0.001841950707309235,0.2,400,20260823
a0.1_k2.0_none_p5,2000,5,200,0.1,2.0,none,0.88,0.8944271909999159,trunc_k2,0.31470005956705843,0.2797039919951035,-0.12404452707967177,0.2892215116361345,0.4,400,20260823
a0.1_k2.0_none_p5,2000,5,200,0.1,2.0,none,0.88,0.8944271909999159,trunc_k5,0.7150421698472808,0.7139375995200298,0.7139375995200298,0.03972919142752673,1.0,400,20260823
a0.3_k0.5_none_p1,1000,1,300,0.3,0.5,none,F>10,0.0025,400,400,20260823
a0.3_k0.5_none_p1,1000,1,300,0.3,0.5,none,KP_rk>10,0.0025,400,400,20260823
a0.3_k0.5_none_p1,1000,1,300,0.3,0.5,none,spectral_env,0.0025,400,400,20260823
a0.3_k0.5_none_p1,1000,1,300,0.3,0.5,none,0.88,0.4472135954999579,tsls,0.021332608245035682,0.01882915096230516,0.018042782417416078,0.011381483961854254,,400,20260823
a0.3_k0.5_none_p1,1000,1,300,0.3,0.5,none,0.88,0.4472135954999579,liml,0.05303755179798743,0.05192075675842872,0.05192075675842872,0.010826676237713865,,400,20260823
a0.3_k0.5_none_p1,1000,1,300,0.3,0.5,none,0.88,0.4472135954999579,fuller,0.05308441912742129,0.05196861693451494,0.05196861693451494,0.010826745032990207,,400,20260823
a0.3_k0.5_none_p1,1000,1,300,0.3,0.5,none,0.88,0.4472135954999579,bekker,0.012159140513219563,0.00964131594395613,0.00042886735412665214,0.012151574828506043,,400,20260823
a0.3_k0.5_none_p1,1000,1,300,0.3,0.5,none,0.88,0.4472135954999579,jive,0.021334366640455342,0.018830045940761805,0.018043876937432105,0.01138304462857717,,400,20260823
a0.3_k0.5_none_p1,1000,1,300,0.3,0.5,none,0.88,0.4472135954999579,whiten,0.02133260824503567,0.018829150962305155,0.01804278241741607,0.01138148396185424,0.05,400,20260823
a0.3_k0.5_none_p1,1000,1,300,0.3,0.5,none,0.88,0.4472135954999579,pca_l,1.5314279332142844,0.5043962336968996,-0.0580676877452982,1.5303266508392543,0.0033333333333333335,400,20260823
a0.3_k0.5_none_p1,1000,1,300,0.3,0.5,none,0.88,0.4472135954999579,trunc_k1,0.021332608245035693,0.018829150962305172,0.018042782417416085,0.011381483961854264,1.0,400,20260823
a0.3_k0.5_none_p5,2000,5,600,0.3,0.5,none,F>10,0.0,400,400,20260823
a0.3_k0.5_none_p5,2000,5,600,0.3,0.5,none,KP_rk>10,0.0,400,400,20260823
a0.3_k0.5_none_p5,2000,5,600,0.3,0.5,none,spectral_env,0.0,400,400,20260823
a0.3_k0.5_none_p5,2000,5,600,0.3,0.5,none,0.88,0.4472135954999579,tsls,0.36019801240284505,0.3584264007534639,0.3584264007534639,0.035680854556434126,,400,20260823
a0.3_k0.5_none_p5,2000,5,600,0.3,0.5,none,0.88,0.4472135954999579,liml,0.36025841104697753,0.359777593183693,0.359777593183693,0.01860661637810852,,400,20260823
a0.3_k0.5_none_p5,2000,5,600,0.3,0.5,none,0.88,0.4472135954999579,fuller,0.3602594965508155,0.3597786861423627,0.3597786861423627,0.018606500281416583,,400,20260823
a0.3_k0.5_none_p5,2000,5,600,0.3,0.5,none,0.88,0.4472135954999579,bekker,6.116586801917374,1.9696728174749587,0.07091854221385249,6.116175656875796,,400,20260823
a0.3_k0.5_none_p5,2000,5,600,0.3,0.5,none,0.88,0.4472135954999579,jive,0.36018740026464124,0.35841538101734627,0.35841538101734627,0.03568442180547936,,400,20260823
a0.3_k0.5_none_p5,2000,5,600,0.3,0.5,none,0.88,0.4472135954999579,whiten,0.36019801240284566,0.35842640075346466,0.35842640075346466,0.035680854556432565,0.05,400,20260823
a0.3_k0.5_none_p5,2000,5,600,0.3,0.5,none,0.88,0.4472135954999579,pca_l,0.40402871322131517,0.3942150715334433,-0.38825399239917097,0.11179462640653282,0.0016666666666666668,400,20260823
a0.3_k0.5_none_p5,2000,5,600,0.3,0.5,none,0.88,0.4472135954999579,trunc_k1,0.39928855938622976,0.3992849223535891,-0.3992849223535891,0.0017042411270289202,0.2,400,20260823
a0.3_k0.5_none_p5,2000,5,600,0.3,0.5,none,0.88,0.4472135954999579,trunc_k2,0.2796045136314958,0.25041141805220823,-0.21093212382773838,0.1835383425353541,0.4,400,20260823
a0.3_k0.5_none_p5,2000,5,600,0.3,0.5,none,0.88,0.4472135954999579,trunc_k5,0.3601980124028454,0.3584264007534642,0.3584264007534642,0.035680854556434514,1.0,400,20260823
a0.3_k2.0_none_p1,1000,1,300,0.3,2.0,none,F>10,0.0175,400,400,20260823
a0.3_k2.0_none_p1,1000,1,300,0.3,2.0,none,KP_rk>10,0.0175,400,400,20260823
a0.3_k2.0_none_p1,1000,1,300,0.3,2.0,none,spectral_env,0.0175,400,400,20260823
a0.3_k2.0_none_p1,1000,1,300,0.3,2.0,none,0.88,0.8944271909999159,tsls,0.037051357074982444,0.03537741774522311,0.03537741774522311,0.011010966114643377,,400,20260823
a0.3_k2.0_none_p1,1000,1,300,0.3,2.0,none,0.88,0.8944271909999159,liml,0.10697460952671116,0.10648801075194887,0.10648801075194887,0.010191695123243407,,400,20260823
a0.3_k2.0_none_p1,1000,1,300,0.3,2.0,none,0.88,0.8944271909999159,fuller,0.10706911806513157,0.10658291268084906,0.10658291268084906,0.010192093392016613,,400,20260823
a0.3_k2.0_none_p1,1000,1,300,0.3,2.0,none,0.88,0.8944271909999159,bekker,0.012293451466309278,0.00996521835311917,0.0001144273583647372,0.012292918910257213,,400,20260823
a0.3_k2.0_none_p1,1000,1,300,0.3,2.0,none,0.88,0.8944271909999159,jive,0.037050854655978654,0.03537786726505333,0.03537786726505333,0.011007830781526555,,400,20260823
a0.3_k2.0_none_p1,1000,1,300,0.3,2.0,none,0.88,0.8944271909999159,whiten,0.03705135707498245,0.03537741774522313,0.03537741774522313,0.011010966114643347,0.05,400,20260823
a0.3_k2.0_none_p1,1000,1,300,0.3,2.0,none,0.88,0.8944271909999159,pca_l,1.9859720492251989,0.6105522771161835,-0.05983920030771614,1.9850703389074829,0.0033333333333333335,400,20260823
a0.3_k2.0_none_p1,1000,1,300,0.3,2.0,none,0.88,0.8944271909999159,trunc_k1,0.037051357074982444,0.03537741774522311,0.03537741774522311,0.011010966114643377,1.0,400,20260823
a0.3_k2.0_none_p5,2000,5,600,0.3,2.0,none,F>10,0.0,400,400,20260823
a0.3_k2.0_none_p5,2000,5,600,0.3,2.0,none,KP_rk>10,0.0,400,400,20260823
a0.3_k2.0_none_p5,2000,5,600,0.3,2.0,none,spectral_env,0.0,400,400,20260823
a0.3_k2.0_none_p5,2000,5,600,0.3,2.0,none,0.88,0.8944271909999159,tsls,0.7184182911254209,0.7180700793140289,0.7180700793140289,0.02236520103898789,,400,20260823
a0.3_k2.0_none_p5,2000,5,600,0.3,2.0,none,0.88,0.8944271909999159,liml,0.7210414941790767,0.7209395572002256,0.7209395572002256,0.012123992409193136,,400,20260823
a0.3_k2.0_none_p5,2000,5,600,0.3,2.0,none,0.88,0.8944271909999159,fuller,0.7210437109763206,0.7209417792220455,0.7209417792220455,0.012123700369737301,,400,20260823
a0.3_k2.0_none_p5,2000,5,600,0.3,2.0,none,0.88,0.8944271909999159,bekker,25.162526300599193,3.154154452895168,1.8210135886493335,25.096546362762755,,400,20260823
a0.3_k2.0_none_p5,2000,5,600,0.3,2.0,none,0.88,0.8944271909999159,jive,0.7184198475460077,0.7180699545107484,0.7180699545107484,0.02241913863110492,,400,20260823
a0.3_k2.0_none_p5,2000,5,600,0.3,2.0,none,0.88,0.8944271909999159,whiten,0.7184182911254223,0.7180700793140303,0.7180700793140303,0.02236520103898541,0.05,400,20260823
a0.3_k2.0_none_p5,2000,5,600,0.3,2.0,none,0.88,0.8944271909999159,pca_l,0.38950708716765636,0.3762262289198024,-0.3645749712793358,0.13711623270241832,0.0016666666666666668,400,20260823
a0.3_k2.0_none_p5,2000,5,600,0.3,2.0,none,0.88,0.8944271909999159,trunc_k1,0.39843855923475957,0.39843494494259135,-0.39843494494259135,0.0016970956558782064,0.2,400,20260823
a0.3_k2.0_none_p5,2000,5,600,0.3,2.0,none,0.88,0.8944271909999159,trunc_k2,0.29572940908766365,0.2618414596884474,-0.11812772253280855,0.271112014799327,0.4,400,20260823
a0.3_k2.0_none_p5,2000,5,600,0.3,2.0,none,0.88,0.8944271909999159,trunc_k5,0.7184182911254217,0.7180700793140298,0.7180700793140298,0.022365201038982926,1.0,400,20260823
a0.5_k0.5_none_p1,1000,1,500,0.5,0.5,none,F>10,0.0275,400,400,20260823
a0.5_k0.5_none_p1,1000,1,500,0.5,0.5,none,KP_rk>10,0.0275,400,400,20260823
a0.5_k0.5_none_p1,1000,1,500,0.5,0.5,none,spectral_env,0.0275,400,400,20260823
a0.5_k0.5_none_p1,1000,1,500,0.5,0.5,none,0.88,0.4472135954999579,tsls,0.030426067987343625,0.028394970656358983,0.028375965172848377,0.010979536132266812,,400,20260823
a0.5_k0.5_none_p1,1000,1,500,0.5,0.5,none,0.88,0.4472135954999579,liml,0.053417939501018474,0.05236402721100996,0.05236402721100996,0.010558641710896278,,400,20260823
a0.5_k0.5_none_p1,1000,1,500,0.5,0.5,none,0.88,0.4472135954999579,fuller,0.05346456170151295,0.05241157123125279,0.05241157123125279,0.010558719572287177,,400,20260823
a0.5_k0.5_none_p1,1000,1,500,0.5,0.5,none,0.88,0.4472135954999579,bekker,0.012605587779682919,0.00996677567793109,-0.0002617304319669704,0.01260287032593265,,400,20260823
a0.5_k0.5_none_p1,1000,1,500,0.5,0.5,none,0.88,0.4472135954999579,jive,0.030432374135100193,0.02840102435323488,0.02838370716446602,0.010977001553272898,,400,20260823
a0.5_k0.5_none_p1,1000,1,500,0.5,0.5,none,0.88,0.4472135954999579,whiten,0.030426067987343625,0.028394970656358976,0.028375965172848377,0.010979536132266812,0.05,400,20260823
a0.5_k0.5_none_p1,1000,1,500,0.5,0.5,none,0.88,0.4472135954999579,pca_l,1.8142430222624106,0.5727412160207433,0.08605143162250967,1.8122011187899545,0.002,400,20260823
a0.5_k0.5_none_p1,1000,1,500,0.5,0.5,none,0.88,0.4472135954999579,trunc_k1,0.030426067987343635,0.028394970656358997,0.028375965172848395,0.010979536132266798,1.0,400,20260823
a0.5_k0.5_none_p5,2000,5,1000,0.5,0.5,none,F>10,0.0,400,400,20260823
a0.5_k0.5_none_p5,2000,5,1000,0.5,0.5,none,KP_rk>10,0.0,400,400,20260823
a0.5_k0.5_none_p5,2000,5,1000,0.5,0.5,none,spectral_env,0.0,400,400,20260823
a0.5_k0.5_none_p5,2000,5,1000,0.5,0.5,none,0.88,0.4472135954999579,tsls,0.3592777212089679,0.35833405121858325,0.35833405121858325,0.026022849467086166,,400,20260823
a0.5_k0.5_none_p5,2000,5,1000,0.5,0.5,none,0.88,0.4472135954999579,liml,0.35953611453533474,0.3590643481673947,0.3590643481673947,0.018412265756535366,,400,20260823
a0.5_k0.5_none_p5,2000,5,1000,0.5,0.5,none,0.88,0.4472135954999579,fuller,0.3595370458879997,0.35906529090810835,0.35906529090810835,0.01841206753586083,,400,20260823
a0.5_k0.5_none_p5,2000,5,1000,0.5,0.5,none,0.88,0.4472135954999579,bekker,9.456350310330695,2.2390054063184857,0.6547155168088085,9.433658292716627,,400,20260823
a0.5_k0.5_none_p5,2000,5,1000,0.5,0.5,none,0.88,0.4472135954999579,jive,0.3592554139721603,0.3583117171792558,0.3583117171792558,0.02602240958023074,,400,20260823
a0.5_k0.5_none_p5,2000,5,1000,0.5,0.5,none,0.88,0.4472135954999579,whiten,0.3592777212089679,0.3583340512185832,0.3583340512185832,0.0260228494670867,0.05,400,20260823
a0.5_k0.5_none_p5,2000,5,1000,0.5,0.5,none,0.88,0.4472135954999579,pca_l,0.4140091238554256,0.3989034944577833,-0.38870205524830675,0.14252812663218234,0.001,400,20260823
a0.5_k0.5_none_p5,2000,5,1000,0.5,0.5,none,0.88,0.4472135954999579,trunc_k1,0.3989121711088278,0.398908219691519,-0.398908219691519,0.0017755340890864997,0.2,400,20260823
a0.5_k0.5_none_p5,2000,5,1000,0.5,0.5,none,0.88,0.4472135954999579,trunc_k2,0.28020446840266233,0.2533706885776723,-0.2103501594721145,0.18511443628975724,0.4,400,20260823
a0.5_k0.5_none_p5,2000,5,1000,0.5,0.5,none,0.88,0.4472135954999579,trunc_k5,0.3592777212089679,0.3583340512185832,0.3583340512185832,0.0260228494670867,1.0,400,20260823
a0.5_k2.0_none_p1,1000,1,500,0.5,2.0,none,F>10,0.1825,400,400,20260823
a0.5_k2.0_none_p1,1000,1,500,0.5,2.0,none,KP_rk>10,0.1825,400,400,20260823
a0.5_k2.0_none_p1,1000,1,500,0.5,2.0,none,spectral_env,0.1825,400,400,20260823
a0.5_k2.0_none_p1,1000,1,500,0.5,2.0,none,0.88,0.8944271909999159,tsls,0.057167460478540905,0.056167128021421014,0.056167128021421014,0.010647641400368378,,400,20260823
a0.5_k2.0_none_p1,1000,1,500,0.5,2.0,none,0.88,0.8944271909999159,liml,0.10631313385545543,0.10584307656846416,0.10584307656846416,0.009986269207778077,,400,20260823
a0.5_k2.0_none_p1,1000,1,500,0.5,2.0,none,0.88,0.8944271909999159,fuller,0.10640742108329947,0.1059377531850626,0.1059377531850626,0.00998657657555196,,400,20260823
a0.5_k2.0_none_p1,1000,1,500,0.5,2.0,none,0.88,0.8944271909999159,bekker,0.013485874224132203,0.010918920611379952,-0.001044339833677639,0.013445376822570184,,400,20260823
a0.5_k2.0_none_p1,1000,1,500,0.5,2.0,none,0.88,0.8944271909999159,jive,0.057173661353258964,0.056171148913580674,0.056171148913580674,0.010659717738546478,,400,20260823
a0.5_k2.0_none_p1,1000,1,500,0.5,2.0,none,0.88,0.8944271909999159,whiten,0.05716746047854092,0.056167128021421014,0.056167128021421014,0.01064764140036846,0.05,400,20260823
a0.5_k2.0_none_p1,1000,1,500,0.5,2.0,none,0.88,0.8944271909999159,pca_l,1.870427087289873,0.5096626127162637,0.1558495013593319,1.863922858326955,0.002,400,20260823
a0.5_k2.0_none_p1,1000,1,500,0.5,2.0,none,0.88,0.8944271909999159,trunc_k1,0.057167460478540905,0.05616712802142101,0.05616712802142101,0.010647641400368418,1.0,400,20260823
a0.5_k2.0_none_p5,2000,5,1000,0.5,2.0,none,F>10,0.0,400,400,20260823
a0.5_k2.0_none_p5,2000,5,1000,0.5,2.0,none,KP_rk>10,0.0,400,400,20260823
a0.5_k2.0_none_p5,2000,5,1000,0.5,2.0,none,spectral_env,0.0,400,400,20260823
a0.5_k2.0_none_p5,2000,5,1000,0.5,2.0,none,0.88,0.8944271909999159,tsls,0.7176727050830436,0.7174874932112729,0.7174874932112729,0.016303640900634884,,400,20260823
a0.5_k2.0_none_p5,2000,5,1000,0.5,2.0,none,0.88,0.8944271909999159,liml,0.7206267937740215,0.7205336624536041,0.7205336624536041,0.011585213689094107,,400,20260823
a0.5_k2.0_none_p5,2000,5,1000,0.5,2.0,none,0.88,0.8944271909999159,fuller,0.7206294627069316,0.7205363337316223,0.7205363337316223,0.011585089290686084,,400,20260823
a0.5_k2.0_none_p5,2000,5,1000,0.5,2.0,none,0.88,0.8944271909999159,bekker,14.759179036004971,2.3561961674844323,0.10643630740174409,14.7587952465408,,400,20260823
a0.5_k2.0_none_p5,2000,5,1000,0.5,2.0,none,0.88,0.8944271909999159,jive,0.7177228959251805,0.7175376147775623,0.7175376147775623,0.016307259566035442,,400,20260823
a0.5_k2.0_none_p5,2000,5,1000,0.5,2.0,none,0.88,0.8944271909999159,whiten,0.7176727050830435,0.7174874932112726,0.7174874932112726,0.016303640900645098,0.05,400,20260823
a0.5_k2.0_none_p5,2000,5,1000,0.5,2.0,none,0.88,0.8944271909999159,pca_l,0.4120490333918997,0.3955347562596285,-0.3910972598781102,0.12972023448572997,0.001,400,20260823
a0.5_k2.0_none_p5,2000,5,1000,0.5,2.0,none,0.88,0.8944271909999159,trunc_k1,0.3974922520190868,0.39748825592332954,-0.39748825592332954,0.001782363104101512,0.2,400,20260823
a0.5_k2.0_none_p5,2000,5,1000,0.5,2.0,none,0.88,0.8944271909999159,trunc_k2,0.302329549536422,0.26589818598148485,-0.10366353885937193,0.28400180850488843,0.4,400,20260823
a0.5_k2.0_none_p5,2000,5,1000,0.5,2.0,none,0.88,0.8944271909999159,trunc_k5,0.7176727050830428,0.717487493211272,0.717487493211272,0.016303640900641694,1.0,400,20260823
a0.7_k0.5_none_p1,1000,1,699,0.7,0.5,none,F>10,0.22546419098143236,377,400,20260823
a0.7_k0.5_none_p1,1000,1,699,0.7,0.5,none,KP_rk>10,0.2325,400,400,20260823
a0.7_k0.5_none_p1,1000,1,699,0.7,0.5,none,spectral_env,0.23366834170854273,398,400,20260823
a0.7_k0.5_none_p1,1000,1,699,0.7,0.5,none,0.88,0.4472135954999579,tsls,0.0402886441585956,0.03877403988519192,0.03877403988519192,0.010942973961382038,,400,20260823
a0.7_k0.5_none_p1,1000,1,699,0.7,0.5,none,0.88,0.4472135954999579,liml,0.05427446011403846,0.053196720991201644,0.053196720991201644,0.010762244025044146,,400,20260823
a0.7_k0.5_none_p1,1000,1,699,0.7,0.5,none,0.88,0.4472135954999579,fuller,0.05432116930303376,0.05324434081360825,0.05324434081360825,0.010762416353830013,,400,20260823
a0.7_k0.5_none_p1,1000,1,699,0.7,0.5,none,0.88,0.4472135954999579,bekker,0.013628849205039763,0.010681515625130162,-0.00044401917639136964,0.01362161435457302,,400,20260823
a0.7_k0.5_none_p1,1000,1,699,0.7,0.5,none,0.88,0.4472135954999579,jive,0.04028036674124641,0.038765843224692294,0.038765843224692294,0.010941542116534045,,400,20260823
a0.7_k0.5_none_p1,1000,1,699,0.7,0.5,none,0.88,0.4472135954999579,whiten,0.0402886441585956,0.038774039885191916,0.038774039885191916,0.010942973961382068,0.05,400,20260823
a0.7_k0.5_none_p1,1000,1,699,0.7,0.5,none,0.88,0.4472135954999579,pca_l,11.872477656475306,1.3909691334394914,0.18941337515120182,11.870966610888063,0.001430615164520744,400,20260823
a0.7_k0.5_none_p1,1000,1,699,0.7,0.5,none,0.88,0.4472135954999579,trunc_k1,0.04028864415859559,0.03877403988519191,0.03877403988519191,0.010942973961382057,1.0,400,20260823
a0.7_k0.5_none_p5,2000,5,1399,0.7,0.5,none,F>10,0.0,400,400,20260823
a0.7_k0.5_none_p5,2000,5,1399,0.7,0.5,none,KP_rk>10,0.0,400,400,20260823
a0.7_k0.5_none_p5,2000,5,1399,0.7,0.5,none,spectral_env,0.0,400,400,20260823
a0.7_k0.5_none_p5,2000,5,1399,0.7,0.5,none,0.88,0.4472135954999579,tsls,0.36148158936600855,0.36081525721458374,0.36081525721458374,0.021938313785462113,,400,20260823
a0.7_k0.5_none_p5,2000,5,1399,0.7,0.5,none,0.88,0.4472135954999579,liml,0.36255543674225404,0.3620935526883997,0.3620935526883997,0.01829491221240725,,400,20260823
a0.7_k0.5_none_p5,2000,5,1399,0.7,0.5,none,0.88,0.4472135954999579,fuller,0.36255729347011123,0.36209537718268203,0.36209537718268203,0.018295597046928836,,400,20260823
a0.7_k0.5_none_p5,2000,5,1399,0.7,0.5,none,0.88,0.4472135954999579,bekker,38.234902999127186,4.895054992051656,-0.36714256027924763,38.23314025414466,,400,20260823
a0.7_k0.5_none_p5,2000,5,1399,0.7,0.5,none,0.88,0.4472135954999579,jive,0.36144045009015646,0.3607774171234477,0.3607774171234477,0.021882738747897,,400,20260823
a0.7_k0.5_none_p5,2000,5,1399,0.7,0.5,none,0.88,0.4472135954999579,whiten,0.361481589366009,0.36081525721458424,0.36081525721458424,0.02193831378546148,0.05,400,20260823
a0.7_k0.5_none_p5,2000,5,1399,0.7,0.5,none,0.88,0.4472135954999579,pca_l,0.4093323494379505,0.39321522101197354,-0.3841058879020238,0.1414766382672076,0.0007147962830593281,400,20260823
a0.7_k0.5_none_p5,2000,5,1399,0.7,0.5,none,0.88,0.4472135954999579,trunc_k1,0.3982964952995452,0.3982927357503284,-0.3982927357503284,0.0017305537898857745,0.2,400,20260823
a0.7_k0.5_none_p5,2000,5,1399,0.7,0.5,none,0.88,0.4472135954999579,trunc_k2,0.289226141344838,0.26174364166712294,-0.21176808217528528,0.19699248769693178,0.4,400,20260823
a0.7_k0.5_none_p5,2000,5,1399,0.7,0.5,none,0.88,0.4472135954999579,trunc_k5,0.3614815893660092,0.36081525721458446,0.36081525721458446,0.02193831378546148,1.0,400,20260823
a0.7_k2.0_none_p1,1000,1,699,0.7,2.0,none,F>10,0.35958005249343833,381,400,20260823
a0.7_k2.0_none_p1,1000,1,699,0.7,2.0,none,KP_rk>10,0.3875,400,400,20260823
a0.7_k2.0_none_p1,1000,1,699,0.7,2.0,none,spectral_env,0.3875,400,400,20260823
a0.7_k2.0_none_p1,1000,1,699,0.7,2.0,none,0.88,0.8944271909999159,tsls,0.07901427156547497,0.0782962563216941,0.0782962563216941,0.010627857593617071,,400,20260823
a0.7_k2.0_none_p1,1000,1,699,0.7,2.0,none,0.88,0.8944271909999159,liml,0.10792756338543347,0.10744138263125726,0.10744138263125726,0.01023270426624992,,400,20260823
a0.7_k2.0_none_p1,1000,1,699,0.7,2.0,none,0.88,0.8944271909999159,fuller,0.1080212046266284,0.10753546643299447,0.10753546643299447,0.010232502529989576,,400,20260823
a0.7_k2.0_none_p1,1000,1,699,0.7,2.0,none,0.88,0.8944271909999159,bekker,0.014801425006322913,0.011680664875261622,0.0007283314778819219,0.014783494697673063,,400,20260823
a0.7_k2.0_none_p1,1000,1,699,0.7,2.0,none,0.88,0.8944271909999159,jive,0.07901965694880937,0.07830188418982295,0.07830188418982295,0.010626434803407594,,400,20260823
a0.7_k2.0_none_p1,1000,1,699,0.7,2.0,none,0.88,0.8944271909999159,whiten,0.07901427156547496,0.0782962563216941,0.0782962563216941,0.010627857593616948,0.05,400,20260823
a0.7_k2.0_none_p1,1000,1,699,0.7,2.0,none,0.88,0.8944271909999159,pca_l,2.4374874592747764,0.5340179828417223,0.16543078721920293,2.4318671363299926,0.001430615164520744,400,20260823
a0.7_k2.0_none_p1,1000,1,699,0.7,2.0,none,0.88,0.8944271909999159,trunc_k1,0.07901427156547497,0.0782962563216941,0.0782962563216941,0.010627857593617071,1.0,400,20260823
a0.7_k2.0_none_p5,2000,5,1399,0.7,2.0,none,F>10,0.0,400,400,20260823
a0.7_k2.0_none_p5,2000,5,1399,0.7,2.0,none,KP_rk>10,0.0,400,400,20260823
a0.7_k2.0_none_p5,2000,5,1399,0.7,2.0,none,spectral_env,0.0,400,400,20260823
a0.7_k2.0_none_p5,2000,5,1399,0.7,2.0,none,0.88,0.8944271909999159,tsls,0.7199017737660593,0.7197603448277325,0.7197603448277325,0.014269193564530044,,400,20260823
a0.7_k2.0_none_p5,2000,5,1399,0.7,2.0,none,0.88,0.8944271909999159,liml,0.7212452191006903,0.7211442451324815,0.7211442451324815,0.012068296810488497,,400,20260823
a0.7_k2.0_none_p5,2000,5,1399,0.7,2.0,none,0.88,0.8944271909999159,fuller,0.7212474855899151,0.7211465131382775,0.7211465131382775,0.012068225150329672,,400,20260823
a0.7_k2.0_none_p5,2000,5,1399,0.7,2.0,none,0.88,0.8944271909999159,bekker,40.50021657131122,3.332234811056659,-0.9870625631341257,40.48818654644304,,400,20260823
a0.7_k2.0_none_p5,2000,5,1399,0.7,2.0,none,0.88,0.8944271909999159,jive,0.7199181270795445,0.7197762939273062,0.7197762939273062,0.014289730507997181,,400,20260823
a0.7_k2.0_none_p5,2000,5,1399,0.7,2.0,none,0.88,0.8944271909999159,whiten,0.7199017737660597,0.7197603448277329,0.7197603448277329,0.014269193564533933,0.05,400,20260823
a0.7_k2.0_none_p5,2000,5,1399,0.7,2.0,none,0.88,0.8944271909999159,pca_l,0.4125607168797694,0.3940456499332562,-0.38046528059754875,0.15953844480932408,0.0007147962830593281,400,20260823
a0.7_k2.0_none_p5,2000,5,1399,0.7,2.0,none,0.88,0.8944271909999159,trunc_k1,0.39685963512400335,0.39685488082598397,-0.39685488082598397,0.0019425641176390182,0.2,400,20260823
a0.7_k2.0_none_p5,2000,5,1399,0.7,2.0,none,0.88,0.8944271909999159,trunc_k2,0.3021746178828026,0.2688460123174405,-0.11422638878908259,0.2797531622642059,0.4,400,20260823
a0.7_k2.0_none_p5,2000,5,1399,0.7,2.0,none,0.88,0.8944271909999159,trunc_k5,0.7199017737660599,0.7197603448277331,0.7197603448277331,0.014269193564530044,1.0,400,20260823
a0.9_k0.5_none_p1,1000,1,899,0.9,0.5,none,F>10,0.5039370078740157,127,400,20260823
a0.9_k0.5_none_p1,1000,1,899,0.9,0.5,none,KP_rk>10,0.66,400,400,20260823
a0.9_k0.5_none_p1,1000,1,899,0.9,0.5,none,spectral_env,0.5892116182572614,241,400,20260823
a0.9_k0.5_none_p1,1000,1,899,0.9,0.5,none,0.88,0.4472135954999579,tsls,0.04953988117841659,0.048372929707299346,0.048372929707299346,0.010689223484627416,,400,20260823
a0.9_k0.5_none_p1,1000,1,899,0.9,0.5,none,0.88,0.4472135954999579,liml,0.054257630713305575,0.05318129655104459,0.05318129655104459,0.010753612777634012,,400,20260823
a0.9_k0.5_none_p1,1000,1,899,0.9,0.5,none,0.88,0.4472135954999579,fuller,0.05430444947456385,0.0532287798261617,0.0532287798261617,0.010755009574773027,,400,20260823
a0.9_k0.5_none_p1,1000,1,899,0.9,0.5,none,0.88,0.4472135954999579,bekker,0.017616833788760753,0.013856416819430067,-0.0008771469418255198,0.017594983545978913,,400,20260823
a0.9_k0.5_none_p1,1000,1,899,0.9,0.5,none,0.88,0.4472135954999579,jive,0.04953167680046641,0.0483636297014133,0.0483636297014133,0.01069328428362567,,400,20260823
a0.9_k0.5_none_p1,1000,1,899,0.9,0.5,none,0.88,0.4472135954999579,whiten,0.049539881178416574,0.048372929707299325,0.048372929707299325,0.010689223484627457,0.05,400,20260823
a0.9_k0.5_none_p1,1000,1,899,0.9,0.5,none,0.88,0.4472135954999579,pca_l,13.551687146348863,1.547072778388119,0.9768745955357656,13.516432241427982,0.0011123470522803114,400,20260823
a0.9_k0.5_none_p1,1000,1,899,0.9,0.5,none,0.88,0.4472135954999579,trunc_k1,0.04953988117841658,0.048372929707299325,0.048372929707299325,0.010689223484627497,1.0,400,20260823
a0.9_k0.5_none_p5,2000,5,1799,0.9,0.5,none,F>10,0.0,400,400,20260823
a0.9_k0.5_none_p5,2000,5,1799,0.9,0.5,none,KP_rk>10,0.0,400,400,20260823
a0.9_k0.5_none_p5,2000,5,1799,0.9,0.5,none,spectral_env,0.0,400,400,20260823
a0.9_k0.5_none_p5,2000,5,1799,0.9,0.5,none,0.88,0.4472135954999579,tsls,0.3597404729910568,0.35922522208467,0.35922522208467,0.019247018627538148,,400,20260823
a0.9_k0.5_none_p5,2000,5,1799,0.9,0.5,none,0.88,0.4472135954999579,liml,0.3599675001430359,0.35951640072965046,0.35951640072965046,0.018015514581159086,,400,20260823
a0.9_k0.5_none_p5,2000,5,1799,0.9,0.5,none,0.88,0.4472135954999579,fuller,0.35996881622981197,0.3595177711364148,0.3595177711364148,0.018014463494553466,,400,20260823
a0.9_k0.5_none_p5,2000,5,1799,0.9,0.5,none,0.88,0.4472135954999579,bekker,26.297632170207493,2.9877103475929196,-1.4024814652765947,26.260207605788032,,400,20260823
a0.9_k0.5_none_p5,2000,5,1799,0.9,0.5,none,0.88,0.4472135954999579,jive,0.3597892240903559,0.35927106319067464,0.35927106319067464,0.0193025626636098,,400,20260823
a0.9_k0.5_none_p5,2000,5,1799,0.9,0.5,none,0.88,0.4472135954999579,whiten,0.3597404729910572,0.35922522208467034,0.35922522208467034,0.019247018627538866,0.05,400,20260823
a0.9_k0.5_none_p5,2000,5,1799,0.9,0.5,none,0.88,0.4472135954999579,pca_l,0.41036054517317416,0.3981084308397891,-0.38959679183370627,0.12888024219293068,0.0005558643690939411,400,20260823
a0.9_k0.5_none_p5,2000,5,1799,0.9,0.5,none,0.88,0.4472135954999579,trunc_k1,0.39784194256297106,0.39783683995759717,-0.39783683995759717,0.0020149528112544564,0.2,400,20260823
a0.9_k0.5_none_p5,2000,5,1799,0.9,0.5,none,0.88,0.4472135954999579,trunc_k2,0.279172842841511,0.25137519996749197,-0.20756434940074583,0.18669364487859813,0.4,400,20260823
a0.9_k0.5_none_p5,2000,5,1799,0.9,0.5,none,0.88,0.4472135954999579,trunc_k5,0.3597404729910567,0.3592252220846699,0.3592252220846699,0.019247018627538148,1.0,400,20260823
a0.9_k2.0_none_p1,1000,1,899,0.9,2.0,none,F>10,0.4051724137931034,116,400,20260823
a0.9_k2.0_none_p1,1000,1,899,0.9,2.0,none,KP_rk>10,0.7675,400,400,20260823
a0.9_k2.0_none_p1,1000,1,899,0.9,2.0,none,spectral_env,0.5871559633027523,218,400,20260823
a0.9_k2.0_none_p1,1000,1,899,0.9,2.0,none,0.88,0.8944271909999159,tsls,0.09914982869983902,0.0986221638826284,0.0986221638826284,0.010215543172803215,,400,20260823
a0.9_k2.0_none_p1,1000,1,899,0.9,2.0,none,0.88,0.8944271909999159,liml,0.10878593028427722,0.10830679768101874,0.10830679768101874,0.010198833457729147,,400,20260823
a0.9_k2.0_none_p1,1000,1,899,0.9,2.0,none,0.88,0.8944271909999159,fuller,0.1088805320269267,0.10840173470404153,0.10840173470404153,0.01019971409507188,,400,20260823
a0.9_k2.0_none_p1,1000,1,899,0.9,2.0,none,0.88,0.8944271909999159,bekker,0.020379190214429504,0.016279240693317036,2.8505587159677327e-06,0.02037919001506719,,400,20260823
a0.9_k2.0_none_p1,1000,1,899,0.9,2.0,none,0.88,0.8944271909999159,jive,0.09916011298815408,0.09863201671685402,0.09863201671685402,0.010220239047581603,,400,20260823
a0.9_k2.0_none_p1,1000,1,899,0.9,2.0,none,0.88,0.8944271909999159,whiten,0.099149828699839,0.0986221638826284,0.0986221638826284,0.010215543172803045,0.05,400,20260823
a0.9_k2.0_none_p1,1000,1,899,0.9,2.0,none,0.88,0.8944271909999159,pca_l,2.2971378624933867,0.5795487478432991,0.11121122988460919,2.294444251152823,0.0011123470522803114,400,20260823
a0.9_k2.0_none_p1,1000,1,899,0.9,2.0,none,0.88,0.8944271909999159,trunc_k1,0.09914982869983899,0.09862216388262837,0.09862216388262837,0.0102155431728033,1.0,400,20260823
a0.9_k2.0_none_p5,2000,5,1799,0.9,2.0,none,F>10,0.0,400,400,20260823
a0.9_k2.0_none_p5,2000,5,1799,0.9,2.0,none,KP_rk>10,0.0,400,400,20260823
a0.9_k2.0_none_p5,2000,5,1799,0.9,2.0,none,spectral_env,0.0,400,400,20260823
a0.9_k2.0_none_p5,2000,5,1799,0.9,2.0,none,0.88,0.8944271909999159,tsls,0.7202301270849475,0.7201290154536689,0.7201290154536689,0.01206801816907502,,400,20260823
a0.9_k2.0_none_p5,2000,5,1799,0.9,2.0,none,0.88,0.8944271909999159,liml,0.7205942093943813,0.7205059561512909,0.7205059561512909,0.011277489225340873,,400,20260823
a0.9_k2.0_none_p5,2000,5,1799,0.9,2.0,none,0.88,0.8944271909999159,fuller,0.7205961229328636,0.7205078765418703,0.7205078765418703,0.01127706641815765,,400,20260823
a0.9_k2.0_none_p5,2000,5,1799,0.9,2.0,none,0.88,0.8944271909999159,bekker,7.203162175382294,1.8521659696104098,0.4381208526683561,7.1898258284408625,,400,20260823
a0.9_k2.0_none_p5,2000,5,1799,0.9,2.0,none,0.88,0.8944271909999159,jive,0.7202665511015967,0.7201649266843249,0.7201649266843249,0.012098884640740406,,400,20260823
a0.9_k2.0_none_p5,2000,5,1799,0.9,2.0,none,0.88,0.8944271909999159,whiten,0.7202301270849479,0.7201290154536693,0.7201290154536693,0.01206801816907962,0.05,400,20260823
a0.9_k2.0_none_p5,2000,5,1799,0.9,2.0,none,0.88,0.8944271909999159,pca_l,0.40437256844095665,0.38497328003655296,-0.3634438749285641,0.17727302074609771,0.0005558643690939411,400,20260823
a0.9_k2.0_none_p5,2000,5,1799,0.9,2.0,none,0.88,0.8944271909999159,trunc_k1,0.3956253060425329,0.39561944108587715,-0.39561944108587715,0.0021542089373985476,0.2,400,20260823
a0.9_k2.0_none_p5,2000,5,1799,0.9,2.0,none,0.88,0.8944271909999159,trunc_k2,0.3073378706051714,0.27606634363536164,-0.13253537564850137,0.27729215803883045,0.4,400,20260823
a0.9_k2.0_none_p5,2000,5,1799,0.9,2.0,none,0.88,0.8944271909999159,trunc_k5,0.7202301270849473,0.7201290154536687,0.7201290154536687,0.01206801816907502,1.0,400,20260823
